sequence,target_activity_name,activity,log_mic,gram_status,split,genus,pred_log_mic,pred_mic
KWKLFKKIGIGAVLKVLTTGLPALKLTK,Klebsiella pneumoniae DSM 681,2.038576721182557,0.30932706062959614,gram_negative,val,Klebsiella,1.5512426,35.583004
FQWQRNMRKVR,Klebsiella aerogenes,834.6305379633554,2.9214942708937146,gram_negative,val,Klebsiella,2.7855577,610.3202
FQWQRNMRKVR,Klebsiella sp.,236.069165271706,2.3730392643896865,gram_negative,val,Klebsiella,2.7855577,610.3202
CVKVKVKVGSGVKVKVKVC,Klebsiella pneumoniae ATCC 13883,0.2950257,-0.5301401505234251,gram_negative,val,Klebsiella,-1.6087463,0.024618054
DCLSGRYKGPCAVWDNETCRRVCKEEGRSSGHCSPSLKCWCEGC,Klebsiella pneumoniae ATCC 10031,245.03548999999998,2.3892289904662505,gram_negative,val,Klebsiella,1.5867702,38.616257
FLGALFKVA,Klebsiella pneumoniae,207.21340960858953,2.316417856915728,gram_negative,val,Klebsiella,2.1349041,136.42819
FLGALFKVASKV,Klebsiella pneumoniae,156.30261781094902,2.193966251796085,gram_negative,val,Klebsiella,1.7491758,56.12751
FLGALFKVWSK,Klebsiella pneumoniae,154.37219491249445,2.188569079137551,gram_negative,val,Klebsiella,1.7119277,51.514282
FLGALFKWASK,Klebsiella pneumoniae,9.861800670129078,0.9939562201847881,gram_negative,val,Klebsiella,1.7859392,61.08565
FLGALFKLASK,Klebsiella pneumoniae,167.4390210108343,2.2238566760877045,gram_negative,val,Klebsiella,1.9395242,87.000984
FFHHIFRGIVHVGKTIHKLVTG,Klebsiella aerogenes ATCC 35029,50.90160000000001,1.7067314338151462,gram_negative,val,Klebsiella,1.1131176,12.975305
FFHHIFRGIVHVGKTIHKLVTG,Klebsiella pneumoniae ATCC 10031,12.725399999999999,1.1046714424871837,gram_negative,val,Klebsiella,1.1131176,12.975305
FFHHIFRGIVHVGKTIHKLVTG,Klebsiella oxytoca ATCC 49131,25.4508,1.405701438151165,gram_negative,val,Klebsiella,1.1131176,12.975305
GIGKFLKKAKKFGKAFVKILKK,Klebsiella oxytoca KCTC 1686,3.228203522898152,0.5089609071173502,gram_negative,val,Klebsiella,0.39646292,2.4915116
GIGKFLKKAKKFGKAFVKILKK,Klebsiella aerogenes,5.044068004528362,0.702780933133463,gram_negative,val,Klebsiella,0.39646292,2.4915116
GIGKFLKKAKKFGKAFVKILKK,Klebsiella pneumoniae ATCC 13883,1.2610170011320907,0.10072094180550067,gram_negative,val,Klebsiella,0.39646292,2.4915116
GIGKFLKKAKKFGKAFVKILKK,Klebsiella pneumoniae ATCC 700603,5.044068004528362,0.702780933133463,gram_negative,val,Klebsiella,0.39646292,2.4915116
GIGTKILGGVKTALKGALKELASTYAN,Klebsiella pneumoniae,3.3643249967852014,0.5268979423853564,gram_negative,val,Klebsiella,0.24171421,1.7446737
FAKWAFKWLKK,Klebsiella pneumoniae ATCC 10031,4.336497622876553,0.6371391126606458,gram_negative,val,Klebsiella,1.5174913,32.92239
FKLGSFLKKAWKSKLAKKLRAKGKEMLKDYAKGLLEGGSEEVPGQ,Klebsiella pneumoniae ATCC 13833,15.893811015976752,1.2012280447695614,gram_negative,val,Klebsiella,1.4732361,29.732819
GLVTSLIKGAGKLLGGLFGSVTGGQS,Klebsiella pneumoniae,15.124063,1.1796684777684783,gram_negative,val,Klebsiella,1.3645265,23.148695
GWGSFFKKAAHVGKHVGKAALTHYL,Klebsiella pneumoniae,16.155635275541922,1.2083240401152127,gram_negative,val,Klebsiella,0.8055142,6.3901963
GWGSFFKKAAHVGKHVGKAALTHYL,Klebsiella oxytoca BCRC 13985,2.950800963569301,0.4699399166030568,gram_negative,val,Klebsiella,0.8055142,6.3901963
GWGSFFKKAAHVGKHVGKAALTHYL,Klebsiella aerogenes BCRC 10370,0.7377002408923252,-0.1321200747249056,gram_negative,val,Klebsiella,0.8055142,6.3901963
GLLRKGGEKIGEKLKKIGQKIKNFFQKLVPQPEQ,Klebsiella pneumoniae DSM 681,4.1251897103846105,0.6154439258019865,gram_negative,val,Klebsiella,1.1552169,14.296079
GLLRKGGEKIGEKLKKIGQKIKNFFQKLVPQPEQ,Klebsiella pneumoniae DSM 11678,12.375569131153831,1.092565180521649,gram_negative,val,Klebsiella,1.1552169,14.296079
IAAQGLPQE,Klebsiella pneumoniae NCIMB 13218,1157.5625000000002,3.063544449082934,gram_negative,val,Klebsiella,3.214465,1638.5696
FLPIIGKLLSGLL,Klebsiella pneumoniae ATCC 43816,708.51074,2.850346437910767,gram_negative,val,Klebsiella,2.4730346,297.1903
RLKELITTGGQKIGEKIRRIGQRIKDFFKNLQPREEKS,Klebsiella pneumoniae ATCC 10031,5.015402,0.7003057487990528,gram_negative,val,Klebsiella,1.3843412,24.22932
DDDDDDD,Klebsiella pneumoniae ATCC 10031,658.9200000000002,2.8188326897570017,gram_negative,val,Klebsiella,2.1196742,131.72682
FLGGLIKIVPAMICAVTKKC,Klebsiella pneumoniae ATCC 700603,30.393472469901322,1.4827803212831114,gram_negative,val,Klebsiella,1.7464522,55.776623
FLGGLIKIVPAMICAVTKKC,Klebsiella pneumoniae,30.393472469901322,1.4827803212831114,gram_negative,val,Klebsiella,1.7464522,55.776623
HVDKKVADKVLLLKQLRIMRLLTRL,Klebsiella pneumoniae,300.48199999999997,2.4778184612478684,gram_negative,val,Klebsiella,1.8551431,71.63794
RRIIRKIIHII,Klebsiella pneumoniae,10.483428634688577,1.0205033431059407,gram_negative,val,Klebsiella,1.0214423,10.506119
RIIRKIIHII,Klebsiella pneumoniae,9.17903423850379,0.9627969898120793,gram_negative,val,Klebsiella,1.3510838,22.443148
SLFSIFKTAAKFVGKNLLKQAGKAGLETLACKAKNEC,Klebsiella pneumoniae 08040724,590.5214999999998,2.7712357142465356,gram_negative,val,Klebsiella,1.3337746,21.566246
KNNRPVYIPKPRPPHPRL,Klebsiella pneumoniae 123132,1.835222610896882,0.2636887513240048,gram_negative,val,Klebsiella,0.7343994,5.4249954
KNNRPVYIPKPRPPHPRL,Klebsiella pneumoniae K6 ATCC 700603,3.6704452217937646,0.5647187469879861,gram_negative,val,Klebsiella,0.7343994,5.4249954
GNNKPVYIPRPRPPHPRLV,Klebsiella pneumoniae DSM 681,14.155758918320638,1.1509331577140935,gram_negative,val,Klebsiella,0.8677982,7.3756146
GGLKKLGKKLEGAGKRVFNAAEKALPVVAGAKAL,Klebsiella pneumoniae,8.495425,0.9291851101665556,gram_negative,val,Klebsiella,0.60083765,3.9887576
GLGSVFGRLARILGRVIPKV,Klebsiella pneumoniae,4.21726,0.6250303767048068,gram_negative,val,Klebsiella,1.1990372,15.813834
KWCFRVCYRGICYRRCR,Klebsiella oxytoca ATCC 49131,0.717476529204963,-0.14419230142810838,gram_negative,val,Klebsiella,-0.6902944,0.20403545
KWCFRVCYRGICYRRCR,Klebsiella pneumoniae ATCC 13883,0.055096231739511004,-1.2588781033387808,gram_negative,val,Klebsiella,-0.6902944,0.20403545
KWCFRVCYRGICYRRCR,Klebsiella pneumoniae ATCC 700603,0.110192463479022,-0.9578481076747997,gram_negative,val,Klebsiella,-0.6902944,0.20403545
KWCFRVCYRGICYRRCR,Klebsiella pneumoniae ATCC BAA-2146,0.110192463479022,-0.9578481076747997,gram_negative,val,Klebsiella,-0.6902944,0.20403545
GFGSFLGKALKAALKIGANVLGGAPQQ,Klebsiella pneumoniae M6,12.241542777153116,1.0878361545237594,gram_negative,val,Klebsiella,1.4956707,31.309107
GFGSFLGKALKAALKIGANVLGGAPQQ,Klebsiella pneumoniae NCTC 13368,12.241542777153116,1.0878361545237594,gram_negative,val,Klebsiella,1.4956707,31.309107
GLASTIGSLLGKFAKGGAQAFLQPK,Klebsiella pneumoniae ATCC 700603,123.197,2.0906001323470025,gram_negative,val,Klebsiella,1.4981288,31.486818
FLGALFKALSKLL,Klebsiella pneumoniae ATCC 10031,17.59596965019001,1.2454132042274002,gram_negative,val,Klebsiella,1.2420083,17.458557
WLGSALKIGAKLLPSVVGLFKKKKQ,Klebsiella pneumoniae CIP 8291,173.85216000000003,2.2401800908792335,gram_negative,val,Klebsiella,1.2608742,18.233673
GANAAKKFATIAKKFINYLW,Klebsiella oxytoca BCRC 13985,14.186548412327951,1.151876744448381,gram_negative,val,Klebsiella,1.2295462,16.9647
GANAAKKFATIAKKFINYLW,Klebsiella aerogenes BCRC 10370,3.546637103081987,0.5498167531204186,gram_negative,val,Klebsiella,1.2295462,16.9647
GANALKKYFTILKKFFKLAW,Klebsiella oxytoca BCRC 13985,26.80175645310915,1.4281632564503128,gram_negative,val,Klebsiella,1.1017356,12.639666
GANALKKYFTILKKFFKLAW,Klebsiella aerogenes BCRC 10370,6.700439113277288,0.8261032651223505,gram_negative,val,Klebsiella,1.1017356,12.639666
GAKYAKYIYNFYKYIAKYIW,Klebsiella oxytoca BCRC 13985,49.86389105550093,1.6977861650221087,gram_negative,val,Klebsiella,1.1563365,14.332982
GAKYAKYIYNFYKYIAKYIW,Klebsiella aerogenes BCRC 10370,24.93194552775046,1.3967561693581274,gram_negative,val,Klebsiella,1.1563365,14.332982
GAKYAKIIYNYLKKIANALW,Klebsiella oxytoca BCRC 13985,13.664760133711384,1.1356020126463275,gram_negative,val,Klebsiella,1.3352383,21.639057
GAKYAKIIYNYLKKIANALW,Klebsiella aerogenes BCRC 10370,6.832380066855693,0.8345720169823464,gram_negative,val,Klebsiella,1.3352383,21.639057
WLKKW,Klebsiella pneumoniae ATCC 10031,105.27184282176958,2.0223122254839487,gram_negative,val,Klebsiella,1.8448634,69.9622
WLLKW,Klebsiella pneumoniae ATCC 10031,107.39370774896615,2.030978836578099,gram_negative,val,Klebsiella,1.7443417,55.50623
KWLLKWL,Klebsiella pneumoniae ATCC 10031,81.11513025315526,1.9091018699026507,gram_negative,val,Klebsiella,1.4127337,25.866262
KWLKKWL,Klebsiella pneumoniae ATCC 10031,79.89875230108407,1.902539997424315,gram_negative,val,Klebsiella,1.8339945,68.23301
KKWLKKWLK,Klebsiella pneumoniae ATCC 10031,63.61263467788707,1.803543383351601,gram_negative,val,Klebsiella,2.1450434,139.65079
LKWLLKWLL,Klebsiella pneumoniae ATCC 10031,4.123481105426114,0.615264008883877,gram_negative,val,Klebsiella,1.508617,32.256485
LKKWLKKWLKK,Klebsiella pneumoniae ATCC 10031,53.37098834464342,1.7273052453115598,gram_negative,val,Klebsiella,1.9198402,83.14578
LLKWLLKWLLK,Klebsiella pneumoniae ATCC 10031,55.02450791582572,1.7405561673472008,gram_negative,val,Klebsiella,1.2159007,16.439957
FLSSIGKILGNLL,Klebsiella pneumoniae KK3 9904,109.97760000000001,2.041304238003349,gram_negative,val,Klebsiella,1.7873553,61.285156
FLSIIAKVLGSLF,Klebsiella pneumoniae KK3 9904,225.24639999999988,2.3526578585961446,gram_negative,val,Klebsiella,2.2621422,182.86987
IWWKWRRWV,Klebsiella pneumoniae ESBL 61962,48.03320959601811,1.6815416073191203,gram_negative,val,Klebsiella,1.3504479,22.41031
IWWKWRRWV,Klebsiella pneumoniae ESBL 63575,6.004151199502263,0.7784516203271766,gram_negative,val,Klebsiella,1.3504479,22.41031
FLPGLLAGLL,Klebsiella pneumoniae PTCC 1388,9.93034,0.9969641183439196,gram_negative,val,Klebsiella,2.2859745,193.18549
IFGAIWNGIKSLF,Klebsiella aerogenes ATCC 13048,68.2251147699937,1.8339442749235835,gram_negative,val,Klebsiella,1.8572071,71.97921
LKLLKWLLKLL,Klebsiella pneumoniae ATCC 10031,36.209704302140146,1.558824978269837,gram_negative,val,Klebsiella,1.2073689,16.120142
GKWKKILGKLIR,Klebsiella pneumoniae ST258,46.172799999999995,1.6643862117328099,gram_negative,val,Klebsiella,1.8856189,76.84559
GLMSLFKGVLKTAGKHIFKNVGGSLLDQAKCKITGEC,Klebsiella pneumoniae KK3 9904,23.398619999999998,1.369190244416204,gram_negative,val,Klebsiella,1.312064,20.514647
GLMSVLKGVLKTAGKHIFKNVGGSLLDQAKCKITGQC,Klebsiella pneumoniae KK3 9904,23.104380000000003,1.363694318832151,gram_negative,val,Klebsiella,1.398119,25.010303
KKLLKKLLKWL,Klebsiella pneumoniae ATCC 10031,1.417560326228828,0.15154154995705107,gram_negative,val,Klebsiella,0.33267054,2.1511493
IWSAIWSGIKGLL,Klebsiella pneumoniae 01-239,46.20128,1.6646540077906762,gram_negative,val,Klebsiella,1.636578,43.30898
IWSAIWSGIKGLL,Klebsiella pneumoniae 01-252,46.20128,1.6646540077906762,gram_negative,val,Klebsiella,1.636578,43.30898
GILGKLWEGFKSIV,Klebsiella oxytoca AB2010143,134.66817,2.129264958552281,gram_negative,val,Klebsiella,1.3932507,24.731514
GFWSSALEGLKKFAKGGLEALTNPK,Klebsiella pneumoniae ATCC 700603,132.70699999999997,2.122893831539595,gram_negative,val,Klebsiella,1.3498055,22.377186
GLLSKVLGVGKKVLCGVSGLC,Klebsiella pneumoniae,4.9247956616096085,0.6923882155693839,gram_negative,val,Klebsiella,0.9468453,8.848003
QRFSQPTFKLPQGRLTLSRKFR,Klebsiella pneumoniae ATCC 13883,9.28633201251976,0.9678442068584346,gram_negative,val,Klebsiella,1.5296196,33.854748
DSMGAVKLAKLLIDKMKCEVTKAC,Klebsiella pneumoniae ATCC 700603,39.019499999999994,1.5912816999987294,gram_negative,val,Klebsiella,2.0724354,118.15045
DSMGAVKLAKLLIDKMKCEVTKAC,Klebsiella pneumoniae,78.039,1.8923116956627106,gram_negative,val,Klebsiella,2.0724354,118.15045
FLPILAGLAAKLVPKVFCSITKKC,Klebsiella pneumoniae KK3 9904,128.26699999999994,2.1081149372685597,gram_negative,val,Klebsiella,1.7636999,58.036324
GFSSIFRGVAKFASKGLGKDLAKLGVDLVACKISKQC,Klebsiella pneumoniae ATCC 700603,19.2484,1.2843946351406021,gram_negative,val,Klebsiella,1.3109773,20.463379
GEFLKCGESCVQGECYTPGCSCDWPICKKN,Klebsiella pneumoniae ATCC 13883,328.889,2.5170493483406977,gram_negative,val,Klebsiella,1.7634044,57.996845
GLWNSIKIAGKKLFVNVLDKIRCKVAGGC,Klebsiella pneumoniae ATCC 43816,25.095280000000002,1.3995920456756388,gram_negative,val,Klebsiella,1.7599636,57.539177
GLWNSIKIAGKKLFVNVLDKIRCKVAGGC,Klebsiella pneumoniae ATCC BAA-1705,12.547640000000001,1.0985620500116575,gram_negative,val,Klebsiella,1.7599636,57.539177
ILGKLLSTAAKLLSNL,Klebsiella pneumoniae ATCC 700603,74.94653058067463,1.8747515333211489,gram_negative,val,Klebsiella,2.2210865,166.3744
IKLSPKTKKNLKKVLKGAIKGAIAVAKMV,Klebsiella pneumoniae,19.281500000000005,1.2851408167235971,gram_negative,val,Klebsiella,1.2914549,19.563877
IKLSPKTKDNLKKVLKGAIKGAIAVAKMV,Klebsiella pneumoniae ATCC 700603,19.193437999999997,1.2831527741463933,gram_negative,val,Klebsiella,1.585145,38.47202
IKLSPKTKKNLKKVLKGAIKGAIAVAKMV,Klebsiella pneumoniae ATCC 700603,9.563623999999999,0.9806224932137945,gram_negative,val,Klebsiella,1.2914549,19.563877
SGTSEKERESGRLLGVVKRLIVCFRSPFP,Klebsiella oxytoca AB2010143,164.11844000000005,2.215157380201945,gram_negative,val,Klebsiella,1.6890934,48.87574
IKFEPPLPPKKAH,Klebsiella pneumoniae ATCC 13885,21.30757673457658,1.3285340611340268,gram_negative,val,Klebsiella,2.0191412,104.506
FKCRRWQWRMKKLGA,Klebsiella pneumoniae ATCC 13883,199.5549823614454,2.3000625754428685,gram_negative,val,Klebsiella,1.7130053,51.64227
FKCRRWQWRMKKLGA,Klebsiella pneumoniae ATCC 700603,199.5549823614454,2.3000625754428685,gram_negative,val,Klebsiella,1.7130053,51.64227
GWFKKAWRKVKNAGRRVLKGVGIHYGVGLI,Klebsiella aerogenes,4.712728839066968,0.6732724520480292,gram_negative,val,Klebsiella,0.64789855,4.4452744
GWFKKAWRKVKNAGRRVLKGVGIHYGVGLI,Klebsiella pneumoniae,4.712728839066968,0.6732724520480292,gram_negative,val,Klebsiella,0.64789855,4.4452744
RWKIFKKIEKVGRNVRDGIIKAGPAVAVVGQAATVVKG,Klebsiella pneumoniae,2.033475,0.308238837459176,gram_negative,val,Klebsiella,0.6512357,4.4795637
GWGSFFKKAAHVGKHVGKAALTHYL,Klebsiella pneumoniae NCTC 13368,1.4754004817846504,0.16890992093907556,gram_negative,val,Klebsiella,0.8055142,6.3901963
KWCFCVCYRGICYCRCRG,Klebsiella oxytoca ATCC 49131,8.988149679115832,0.953670296087189,gram_negative,val,Klebsiella,1.0084765,10.197096
KWCRCVCRRGICRCRCRK,Klebsiella oxytoca ATCC 49131,9.380718,0.9722360805436936,gram_negative,val,Klebsiella,1.1730734,14.896129
LFCKGGSCHFGGCPSHLIKVGSCFGFRSCCKWPWNA,Klebsiella pneumoniae ATCC 13882,5.494649999999999,0.7399400338096033,gram_negative,val,Klebsiella,1.4504014,28.209892
ILENLLARSTNEDREGSIFDTGPIRRPKPRPRPRPEG,Klebsiella pneumoniae,424.2879999999999,2.627660748930226,gram_negative,val,Klebsiella,2.2046967,160.2126
DTGPIRRPKPRPRPRPE,Klebsiella pneumoniae,405.08199999999994,2.6075429455426247,gram_negative,val,Klebsiella,1.8966528,78.822975
CLAGRLDKQCTCRRSQPSRRSGHEVGRPSPHCGPSRQCGCHMD,Klebsiella pneumoniae ATCC 10031,237.62550000000005,2.375893043695751,gram_negative,val,Klebsiella,1.3734393,23.628672
GKIPVKAIKQAGKVIGKGLRAINIAGTTHDVVSFFRPKKKKH,Klebsiella pneumoniae ATCC 13883,1.3771263933213995,0.13897380184221975,gram_negative,val,Klebsiella,1.1056911,12.755312
VKLKYPKVKLYP,Klebsiella pneumoniae,43.36459084661571,1.6371352530924101,gram_negative,val,Klebsiella,1.3648554,23.166233
KRFKKFFKKLKNSVKKRVKKFFRKPRVIGVTFPF,Klebsiella pneumoniae,1.878254060485932,0.27375433638826424,gram_negative,val,Klebsiella,0.48310715,3.0416353
KRFKKFFKKLKNSVKKRAKKFFKKPKVIGVTFPF,Klebsiella pneumoniae ATCC 33495,1.2454508709390038,0.09532660067949902,gram_negative,val,Klebsiella,0.3195617,2.0871885
KRFKKFFKKLKNSVKKRAKKFFKKPKVIGVTFPF,Klebsiella pneumoniae ATCC BAA-1705,1.2454508709390038,0.09532660067949902,gram_negative,val,Klebsiella,0.3195617,2.0871885
GILKTIKSIASKVANTVQKLKRKAKNAVA,Klebsiella pneumoniae 913,9.569203999999997,0.9808758131388706,gram_negative,val,Klebsiella,1.427235,26.744532
GILKTIKSIASKVANTVQKLKRKAKNAVA,Klebsiella pneumoniae 1625,4.938944000000001,0.6936341019605229,gram_negative,val,Klebsiella,1.427235,26.744532
GILKTIKSIASKVANTVQKLKRKAKNAVA,Klebsiella pneumoniae 68228,19.138409,1.2819058314951506,gram_negative,val,Klebsiella,1.427235,26.744532
IASKVANTVQKLKRKAKNAVA,Klebsiella pneumoniae 913,56.09399999999999,1.7489164101644112,gram_negative,val,Klebsiella,1.8602736,72.48925
IASKVANTVQKLKRKAKNAVA,Klebsiella pneumoniae 1625,112.18799999999999,2.0499464058283925,gram_negative,val,Klebsiella,1.8602736,72.48925
GILKTIKSIASKLKRKAK,Klebsiella pneumoniae 913,6.2074585,0.7929138247580162,gram_negative,val,Klebsiella,1.4461662,27.936125
GILKTIKSIASKLKRKAK,Klebsiella pneumoniae 1625,3.1037292,0.4918838220977017,gram_negative,val,Klebsiella,1.4461662,27.936125
GILKTIKSIASKLKRKAK,Klebsiella pneumoniae ST258,25.208113140465056,1.4015403393951318,gram_negative,val,Klebsiella,1.4461662,27.936125
FVPWFSKFLGRIL,Klebsiella pneumoniae,80.501,1.9058012752968678,gram_negative,val,Klebsiella,1.5896547,38.873592
FVPWFSKFLGRIL,Klebsiella pneumoniae ATCC BAA-1705,80.501,1.9058012752968678,gram_negative,val,Klebsiella,1.5896547,38.873592
RLYR,Klebsiella oxytoca ATCC 49131,302.87500000000006,2.4812634271455627,gram_negative,val,Klebsiella,1.8903266,77.68311
INLKAITALAKKLL,Klebsiella pneumoniae ATCC 700603,26.4915048366865,1.423106628878835,gram_negative,val,Klebsiella,1.7439426,55.455242
INLKAITALAKKLL,Klebsiella pneumoniae,13.245752418343248,1.1220766332148537,gram_negative,val,Klebsiella,1.7439426,55.455242
INLKAIAPLAKKLL,Klebsiella pneumoniae ATCC 700603,13.28083595956331,1.1232254124716872,gram_negative,val,Klebsiella,1.338313,21.792797
INLKAIAALARNY,Klebsiella pneumoniae ATCC 700603,55.91693036741548,1.74754332223183,gram_negative,val,Klebsiella,1.7275448,53.400433
AMGKCSVLKKVACAAAIAGAVAACGGIDLPCVLAALKAAEGCASCFCEDHCHGVCKDLHLC,Klebsiella aerogenes,59.9836,1.7780325269989883,gram_negative,val,Klebsiella,1.7117643,51.494915
FFGSVLKLIPKIL,Klebsiella pneumoniae,43.393646207398724,1.637426143819516,gram_negative,val,Klebsiella,1.2937614,19.668053
WPKWWKWKRRWGRKKAKKRRG,Klebsiella pneumoniae PFAV 3,351.95109969423913,2.5464823265229115,gram_negative,val,Klebsiella,1.7369666,54.57159
WPKWWKWKRRWGRKKAKKRRG,Klebsiella pneumoniae M9170,351.95109969423913,2.5464823265229115,gram_negative,val,Klebsiella,1.7369666,54.57159
LQKYYCRVRGGRCAVLSCLPKEEQIGKCSTRGRKCCRRKK,Klebsiella pneumoniae DSM 681,18.573919237315447,1.268903552826933,gram_negative,val,Klebsiella,0.98797035,9.726809
LVQRGRFGRFLRKIR,Klebsiella pneumoniae ATCC 13883,21.53394707154265,1.333123641262383,gram_negative,val,Klebsiella,1.6920006,49.204025
KPYLKRFQVYYKGRMWC,Klebsiella pneumoniae,56.74549999999999,1.7539314270518225,gram_negative,val,Klebsiella,1.511097,32.441204
FP,Klebsiella aerogenes,19.061830095808574,1.2801645942223514,gram_negative,val,Klebsiella,2.333041,215.29848
FP,Klebsiella pneumoniae,38.123660191617155,1.5811945898863327,gram_negative,val,Klebsiella,2.333041,215.29848
VKLVKYPKLKVKLYP,Klebsiella pneumoniae,4.404511673442457,0.6438977653507111,gram_negative,val,Klebsiella,1.1843425,15.287712
VKLKKYPKLKVKLYP,Klebsiella pneumoniae,4.335195823775806,0.6370087196356327,gram_negative,val,Klebsiella,1.093177,12.393015
RRRWWW,Klebsiella pneumoniae ATCC BAA-1705,61.23217701150811,1.7869797003515844,gram_negative,val,Klebsiella,2.0644338,115.993546
GNNRVYIPQPRPHPRL,Klebsiella pneumoniae,245.02271999999988,2.3892063566630735,gram_negative,val,Klebsiella,1.895035,78.5299
YRGGYTGPIPRPPPIGRPPFRPVCNACYRLSVSDARNCCIKFGSCCHLVK,Klebsiella pneumoniae,110.51380000000005,2.043416512316527,gram_negative,val,Klebsiella,1.7725638,59.233013
KPKGMTSSQWFKIQHMQPSPQACNSAMKNINKHTKRCKDLNTFLHEPFSSVAATCQTPKIACKNGDKNCHQSHGAVSLTMCKLTSGKYPNCRYKEKRQNKSYVVACKPPQKKDSQQFHLVPVHLDRVL,Klebsiella pneumoniae PEDUTI-965,5.818504,0.7648113372167639,gram_negative,val,Klebsiella,1.8093596,64.470276
GIRDILKYGKPS,Klebsiella pneumoniae ATCC 10031,6.738149999999999,0.8285406747138433,gram_negative,val,Klebsiella,1.226027,16.827787
GIRRILKYGKRS,Klebsiella pneumoniae ATCC 10031,14.478000000000002,1.1607085722924295,gram_negative,val,Klebsiella,1.1178813,13.118413
GIKKILKYGKKS,Klebsiella pneumoniae ATCC 10031,68.3385,1.8346654419946107,gram_negative,val,Klebsiella,1.273445,18.769167
WGIRRILKYGKRS,Klebsiella pneumoniae ATCC 10031,4.90206,0.6903786226054601,gram_negative,val,Klebsiella,1.1821412,15.21042
GILDTLKQFAKGVGKWLVKGAAQ,Klebsiella pneumoniae,82.34284497493731,1.9156258679513836,gram_negative,val,Klebsiella,1.5310878,33.96939
RRLFRRILRYL,Klebsiella pneumoniae ATCC 13883,0.468294,-0.32948140656467323,gram_negative,val,Klebsiella,0.79556674,6.245493
RRLFRRILRYL,Klebsiella pneumoniae ATCC 700603,0.936588,-0.028451410900692014,gram_negative,val,Klebsiella,0.79556674,6.245493
AVLSALPKEEQIGKASTRGRKAARRKK,Klebsiella pneumoniae DSM 681,101.67952890111812,2.0072335253890006,gram_negative,val,Klebsiella,1.8698,74.096886
GLKALKKVFKGIHKAIKLINNHVQ,Klebsiella pneumoniae KK3 9904,38.245850159461746,1.5825843192120121,gram_negative,val,Klebsiella,1.0095363,10.222009
VRLIVAVRIWRR,Klebsiella pneumoniae ATCC 13883,5.205243736513946,0.7164410702432319,gram_negative,val,Klebsiella,1.4453559,27.884052
VRLIVAVRIWRR,Klebsiella pneumoniae KPLN649,20.820974946055788,1.3185010615711943,gram_negative,val,Klebsiella,1.4453559,27.884052
VRLIVAVRIWRR,Klebsiella pneumoniae 1549216,41.641949892111576,1.6195310572351755,gram_negative,val,Klebsiella,1.4453559,27.884052
LLPIVGNLLKSLLGWKRKAFG,Klebsiella pneumoniae ATCC 13883,465.1900000000002,2.6676303703051256,gram_negative,val,Klebsiella,1.6091032,40.65399
KLLLKLKLKLLKGWKRKRFG,Klebsiella pneumoniae ATCC 13883,78.21229714117851,1.8932750415597375,gram_negative,val,Klebsiella,1.2295207,16.963703
WKKIWSKIKKLLK,Klebsiella pneumoniae subsp. pneumoniae CGMCC 1.176,42.60674999999999,1.629478407917959,gram_negative,val,Klebsiella,2.0396416,109.55737
GVVDILKGAAKDIAGHLASKVMNKA,Klebsiella pneumoniae ATCC 700603,251.0040000000001,2.3996806424534913,gram_negative,val,Klebsiella,2.3263137,211.9892
GVVAILKGAAKDIAGHLASKVMNKL,Klebsiella pneumoniae ATCC 700603,125.40549999999998,2.0983165840805826,gram_negative,val,Klebsiella,2.149365,141.04735
GVADILKGAAKDIAGHLASKVMNKL,Klebsiella pneumoniae ATCC 700603,252.40699999999995,2.402101395022247,gram_negative,val,Klebsiella,2.3375728,217.55687
KLKKLLKKLLKL,Klebsiella aerogenes ATCC 13048,170.53267655060418,2.231807608465779,gram_negative,val,Klebsiella,1.8181523,65.78885
RR,Klebsiella pneumoniae ATCC 700603,96.85619911455277,1.9861274222165646,gram_negative,val,Klebsiella,2.397917,249.98677
RR,Klebsiella aerogenes ATCC 13048,96.85619911455277,1.9861274222165646,gram_negative,val,Klebsiella,2.397917,249.98677
VIHKLAKLAKKLAKLAK,Klebsiella aerogenes ATCC 13048,60.112000000000016,1.7789611777193095,gram_negative,val,Klebsiella,1.4287422,26.837507
DAHRAGLQFPVGRVHRLLRK,Klebsiella aerogenes ATCC 13048,74.45664000000001,1.8719034339454412,gram_negative,val,Klebsiella,1.7337704,54.17144
SAVGRHLRRFGLRKHRKH,Klebsiella aerogenes CGMCC 1.876,221.3640000000001,2.3451069938119358,gram_negative,val,Klebsiella,2.3899808,245.46004
SAVGRHLRRFGLRKHRKH,Klebsiella pneumoniae subsp. pneumoniae CGMCC 1.176,221.3640000000001,2.3451069938119358,gram_negative,val,Klebsiella,2.3899808,245.46004
SAVLRHLRRFLLRKHRKH,Klebsiella aerogenes CGMCC 1.876,232.58600000000007,2.3665835697830886,gram_negative,val,Klebsiella,2.1684883,147.39687
SAVLRHLRRFLLRKHRKH,Klebsiella pneumoniae subsp. pneumoniae CGMCC 1.176,232.58600000000007,2.3665835697830886,gram_negative,val,Klebsiella,2.1684883,147.39687
KFFKKLKKAVKKGFKKFAKV,Klebsiella aerogenes,41.68298903045451,1.6199588540747774,gram_negative,val,Klebsiella,0.9947615,9.880104
KFFKKLKKAVKKGFKKFAKV,Klebsiella pneumoniae ATCC 13883,2.6051868144034067,0.41583887141885256,gram_negative,val,Klebsiella,0.9947615,9.880104
KFFKKLKKAVKKGFKKFAKV,Klebsiella pneumoniae ATCC 700603,1.8421452627224286,0.265323873586862,gram_negative,val,Klebsiella,0.9947615,9.880104
AKHQGLPQE,Klebsiella pneumoniae NCIMB 13218,2520.3250000000007,3.401456547371125,gram_negative,val,Klebsiella,3.261921,1827.7675
FLPIVASLAANFLPKIICKITKKC,Klebsiella pneumoniae 08040724,263.643,2.4210162448435444,gram_negative,val,Klebsiella,2.1335194,135.9939
GIFSLIKTAAKFVGKNLLKQAGKAGLEHLACKANNQC,Klebsiella pneumoniae 08040724,194.63650000000004,2.2892242864059447,gram_negative,val,Klebsiella,1.4313095,26.996624
GLWNTIKEAGKKFALNLLDKIRCGIAGGCKG,Klebsiella pneumoniae 08040724,328.101,2.5160075540490165,gram_negative,val,Klebsiella,1.8856121,76.84438
ATCDLLSGTGVGHSACAAHCLLRGNRGGYCNGKGVCVCRN,Klebsiella pneumoniae,35.78211552783829,1.5536660135624385,gram_negative,val,Klebsiella,1.0002038,10.004695
GVFDIIKDAGKQLVAHATGKIAEKV,Klebsiella pneumoniae ATCC 700603,306.6275552998963,2.486611180449731,gram_negative,val,Klebsiella,2.4204438,263.29572
GVFDIIKGAGKQLIAHAMGKIAEKV,Klebsiella pneumoniae ATCC 700603,308.2719775762963,2.4889340484465765,gram_negative,val,Klebsiella,2.198031,157.77237
FLPGLIKAAVGIGSTIFCKISKKC,Klebsiella pneumoniae 08040724,249.9190000000001,2.3977992744597274,gram_negative,val,Klebsiella,2.0681407,116.98785
GIFSKFAGRGLKNLFMKGAKKIGKEVGMDVLRTGIDIAGCKIRGEC,Klebsiella pneumoniae ATCC 700603,2.0346366367863324,0.3084868603774409,gram_negative,val,Klebsiella,0.6953381,4.95836
FLPAVLRVAAKVGPAVFCAITQKC,Klebsiella pneumoniae ATCC 700603,3.995077904218886,0.6015252524966938,gram_negative,val,Klebsiella,2.0264332,106.27552
FLPAVLRVAAKVGPAVFCAITQKC,Klebsiella pneumoniae IS59#,1.9975389521094429,0.30049525683271255,gram_negative,val,Klebsiella,2.0264332,106.27552
GAHDILKYGKPS,Klebsiella pneumoniae ATCC 10031,64.32500000000002,1.8083797948823843,gram_negative,val,Klebsiella,1.3848733,24.259022
GIHAILKYGKPS,Klebsiella pneumoniae ATCC 10031,38.537099999999995,1.585879029951384,gram_negative,val,Klebsiella,1.3197184,20.879417
GIHDILAYGKPS,Klebsiella pneumoniae ATCC 10031,25.4096,1.4049978284049505,gram_negative,val,Klebsiella,1.4764111,29.950985
GIHDILKAGKPS,Klebsiella pneumoniae ATCC 10031,24.729600000000005,1.393217091727343,gram_negative,val,Klebsiella,1.9414778,87.39323
RGRKGGRRKK,Klebsiella pneumoniae DM4299,96.11759999999998,1.9828029181891933,gram_negative,val,Klebsiella,2.2198377,165.89667
RGGRLYRRRFVVGR,Klebsiella pneumoniae ATCC 13883,13.9768,1.1454077507071387,gram_negative,val,Klebsiella,1.8257793,66.95443
IKKIWSKIKKLWK,Klebsiella pneumoniae subsp. pneumoniae CGMCC 1.176,170.5260000000001,2.231790605003998,gram_negative,val,Klebsiella,2.105123,127.38639
FFHHAFRGIVHVGKTIHRLVTG,Klebsiella pneumoniae ATCC 27736,30.360118999999997,1.4823034694942616,gram_negative,val,Klebsiella,1.1892549,15.461616
FFHHFARGIVHVGKTIHRLVTG,Klebsiella pneumoniae ATCC 27736,30.360118999999997,1.4823034694942616,gram_negative,val,Klebsiella,1.1305972,13.508192
QQRFEWEFEQQ,Klebsiella pneumoniae ATCC 200603,329.34150417597937,2.5176464646893852,gram_negative,val,Klebsiella,1.9963356,99.1598
FLSLIPHIVSGVASLAIHF,Klebsiella pneumoniae ATCC 13883,404.0919999999998,2.6064802525949697,gram_negative,val,Klebsiella,2.206308,160.80809
INLKILARLAKKIL,Klebsiella pneumoniae ATCC 13883,10.063375000000002,1.0027436564716319,gram_negative,val,Klebsiella,1.4133413,25.902475
INLKILARLAKKIL,Klebsiella pneumoniae,4.83042,0.683984893847219,gram_negative,val,Klebsiella,1.4133413,25.902475
ILSLRWRWWKWKK,Klebsiella pneumoniae,60.46016000000001,1.7814692921475404,gram_negative,val,Klebsiella,1.992106,98.19875
IWSFLIKAATKLLPSLFGGGKKDS,Klebsiella pneumoniae NCTC 13439,49.64981943563128,1.695917673410422,gram_negative,val,Klebsiella,1.6644328,46.17775
KRIRFFERIRDRLRDLGNRIKNRIRDFFS,Klebsiella pneumoniae,16.867041852928885,1.2270389225654612,gram_negative,val,Klebsiella,1.0707493,11.769263
WR,Klebsiella pneumoniae,28.489499999999996,1.4546848272968147,gram_negative,val,Klebsiella,2.1445844,139.50328
EE,Klebsiella pneumoniae,24.281,1.3852665689575316,gram_negative,val,Klebsiella,2.3370345,217.28735
KKCKFFCKVKKKIKSIGFQIPIVSIPFK,Klebsiella pneumoniae 1,11.418436207099985,1.057606629905373,gram_negative,val,Klebsiella,0.82283914,6.650268
KKCKFFCKVKKKIKSIGFQIPIVSIPFK,Klebsiella pneumoniae 2,5.709218103549992,0.7565766342413918,gram_negative,val,Klebsiella,0.82283914,6.650268
KKCKFFCKVKKKIKSIGFQIPIVSIPFK,Klebsiella pneumoniae 5,60.898326437866565,1.7846053578416352,gram_negative,val,Klebsiella,0.82283914,6.650268
KKCKFFCKVKKKIKSIGFQIPIVSIPFK,Klebsiella pneumoniae,22.836872414199963,1.358636625569354,gram_negative,val,Klebsiella,0.82283914,6.650268
KKCKFFCKVKKKIKSIGFQIPIVSIPFK,Klebsiella oxytoca,1.4280657549679712,0.15474820489273733,gram_negative,val,Klebsiella,0.82283914,6.650268
KKCGFFCKLKNKLKSTGSRSNIAAGTHGGTFRV,Klebsiella pneumoniae,56.44723528356367,1.7516426755701757,gram_negative,val,Klebsiella,1.512778,32.56702
KKCGFFCKLKNKLKSTGSRSNIAAGTHGGTFRV,Klebsiella oxytoca,56.44723528356367,1.7516426755701757,gram_negative,val,Klebsiella,1.512778,32.56702
FLFSLIPSAIGGLISAFK,Klebsiella pneumoniae ATCC 13883,112.93920000000004,2.0528447071053404,gram_negative,val,Klebsiella,2.05336,113.07328
KIKKGFKKIFKRLPPIGVGVSIPLAGKR,Klebsiella pneumoniae ATCC 33495,1.820040859917305,0.26008113800563787,gram_negative,val,Klebsiella,0.931257,8.536051
KIKKGFKKIFKRLPPIGVGVSIPLAGKR,Klebsiella pneumoniae ATCC BAA-1705,9.100204299586524,0.9590511423416567,gram_negative,val,Klebsiella,0.931257,8.536051
GLFKKLRRKIKKGFKKIFKRLPPIGVGVSIPLAGKR,Klebsiella pneumoniae ATCC 33495,1.2757260273354232,0.1057574160842126,gram_negative,val,Klebsiella,0.38551044,2.4294639
GLFKKLRRKIKKGFKKIFKRLPPIGVGVSIPLAGKR,Klebsiella pneumoniae ATCC BAA-1705,1.3738587986689172,0.13794209945561384,gram_negative,val,Klebsiella,0.38551044,2.4294639
GLFDKWAWWRWRR,Klebsiella pneumoniae,134.18263426596172,2.1276963136684914,gram_negative,val,Klebsiella,1.7239766,52.963493
DEDLDE,Klebsiella pneumoniae ATCC 23356,54.44672530851217,1.7359717642899448,gram_negative,val,Klebsiella,2.4985597,315.1808
FRRPFKWPRRFFKFF,Klebsiella pneumoniae ATCC 27736,11.034819,1.042765213986491,gram_negative,val,Klebsiella,1.0824662,12.091112
FKKFFKKLKNSVKKR,Klebsiella aerogenes,8.824764573449814,0.9457031281317624,gram_negative,val,Klebsiella,1.9382983,86.75577
KRFKKFFKKLKKFVKKGFKKFAKV,Klebsiella aerogenes,3.954053633178886,0.5970425558313877,gram_negative,val,Klebsiella,1.0381933,10.919264
AKKFFKKPRVIGVSIPF,Klebsiella aerogenes,13.758482677840998,1.138570541386718,gram_negative,val,Klebsiella,1.354966,22.644672
KGKG,Klebsiella pneumoniae ATCC 700603,41.18801686134441,1.6147708818590893,gram_negative,val,Klebsiella,2.3321102,214.83754
RWCVYACVRGVCYRRCW,Klebsiella pneumoniae 1,3.082561301904635,0.48891172202825234,gram_negative,val,Klebsiella,0.6744057,4.7250423
RWCVYACVRGVCYRRCW,Klebsiella pneumoniae 2,6.16512260380927,0.7899417176922335,gram_negative,val,Klebsiella,0.6744057,4.7250423
ILGKAWEGAKSLF,Klebsiella aerogenes ATCC 13048,70.43909832037266,1.8478137879966454,gram_negative,val,Klebsiella,1.823278,66.56991
ILGKIWEGIESLF,Klebsiella aerogenes ATCC 13048,66.45546234660084,1.82253068384142,gram_negative,val,Klebsiella,1.6859355,48.521645
GRKKRRQRRRGGWMWVTNLRTD,Klebsiella pneumoniae ATCC 27736,90.96577977518733,1.9588780467184292,gram_negative,val,Klebsiella,1.5753089,37.610485
GRKKRRQRRRGGWMWVTNLRTD,Klebsiella pneumoniae,90.96577977518733,1.9588780467184292,gram_negative,val,Klebsiella,1.5753089,37.610485
WWWLRRIR,Klebsiella pneumoniae ATCC 13883,31.764499999999995,1.5019420235639303,gram_negative,val,Klebsiella,1.5829034,38.27396
RRPWRWPRWPWRR,Klebsiella pneumoniae,125.54519885781994,2.098800108929269,gram_negative,val,Klebsiella,1.5214349,33.2227
LKKLLKKLLK,Klebsiella pneumoniae,614.3649999999998,2.7884264662359644,gram_negative,val,Klebsiella,2.1102805,128.90819
WKKWWKKWWKKW,Klebsiella pneumoniae,29.787106999999995,1.4740283254726052,gram_negative,val,Klebsiella,1.8082083,64.299614
FLPIVGLLKSLLK,Klebsiella pneumoniae NCTC 13368,44.41809895949909,1.6475599673356711,gram_negative,val,Klebsiella,1.9178495,82.76554
FLPIVGLLKSLLK,Klebsiella pneumoniae M6,31.408338981676938,1.4970449695036805,gram_negative,val,Klebsiella,1.9178495,82.76554
VLHTGYRKFLHRSKRFFHLR,Klebsiella pneumoniae NCTC 13442,49.2487355483337,1.692395084550771,gram_negative,val,Klebsiella,1.314707,20.639874
VLHTGYRKFLHRSKRFFHLR,Klebsiella pneumoniae ATCC 700603,49.2487355483337,1.692395084550771,gram_negative,val,Klebsiella,1.314707,20.639874
VLHTGYRKFLHRSKRFFHLR,Klebsiella pneumoniae Q14-0095,49.2487355483337,1.692395084550771,gram_negative,val,Klebsiella,1.314707,20.639874
VLHTGYRKFLHRSKRFFHLR,Klebsiella pneumoniae Q14-0285,24.624367774166846,1.3913650888867897,gram_negative,val,Klebsiella,1.314707,20.639874
AIGSILGRLAKGLPTLISWIKNR,Klebsiella pneumoniae CGMCC 1.1736,30.988500000000005,1.4912005547004274,gram_negative,val,Klebsiella,1.5875058,38.681725
AIGSILGRLAKGLPTLKSWIKNR,Klebsiella pneumoniae CGMCC 1.1736,62.37749999999998,1.795027964875087,gram_negative,val,Klebsiella,1.5776368,37.812626
RRIPFWPPNWPGPWLPPWSPPDFRIPRILRKR,Klebsiella pneumoniae ATCC 700603,258.1702300000001,2.4119061616634543,gram_negative,val,Klebsiella,1.484513,30.514977
KIAKGALKALKIAKGALKAL,Klebsiella pneumoniae ATCC 13883,8.0466,0.905612412895181,gram_negative,val,Klebsiella,1.112323,12.951589
KIAKGALKALKIAKGALKAL,Klebsiella pneumoniae,16.093200000000003,1.2066424085591623,gram_negative,val,Klebsiella,1.112323,12.951589
IARRNLCASLRARHTIPQCKKFGRR,Klebsiella pneumoniae KCTC 2208,23.629040000000003,1.3734460774862889,gram_negative,val,Klebsiella,1.5906318,38.961155
IARRNLCASLRARHTIPQCKKFGRR,Klebsiella pneumoniae,47.258079999999985,1.67447607315027,gram_negative,val,Klebsiella,1.5906318,38.961155
IARRALKASLRARHTIPQCKKFGRR,Klebsiella pneumoniae KCTC 2208,23.493039999999997,1.3709392181314062,gram_negative,val,Klebsiella,1.4507799,28.234488
IARRALKASLRARHTIPQCKKFGRR,Klebsiella pneumoniae,46.98608,1.6719692137953874,gram_negative,val,Klebsiella,1.4507799,28.234488
IARRALKKSLRARHTIPQCKKFGRR,Klebsiella pneumoniae KCTC 2208,11.97892,1.0784176645321177,gram_negative,val,Klebsiella,1.557033,36.0606
IARRALKKSLRARHTIPQCKKFGRR,Klebsiella pneumoniae,47.915680000000016,1.6804776558600802,gram_negative,val,Klebsiella,1.557033,36.0606
AWCFRVCYRGICYRRCR,Klebsiella pneumoniae ATCC 13883,0.0271289033913977,-1.5665677610002986,gram_negative,val,Klebsiella,-0.09297778,0.8072763
AWCFRVCYRGICYRRCR,Klebsiella pneumoniae ATCC 700603,0.05651854873207869,-1.2478089983758847,gram_negative,val,Klebsiella,-0.09297778,0.8072763
AWCFRVCYRGICYRRCR,Klebsiella pneumoniae ATCC BAA-2146,0.05651854873207869,-1.2478089983758847,gram_negative,val,Klebsiella,-0.09297778,0.8072763
AWCFRVCYRGICYRRCR,Klebsiella pneumoniae,0.9042967797132592,-0.04368901571995982,gram_negative,val,Klebsiella,-0.09297778,0.8072763
KWCARVCYRGICYRRCR,Klebsiella pneumoniae ATCC 13883,0.2280333428529653,-0.6420016461647654,gram_negative,val,Klebsiella,-0.15939993,0.6927875
KWCARVCYRGICYRRCR,Klebsiella pneumoniae ATCC 700603,0.2280333428529653,-0.6420016461647654,gram_negative,val,Klebsiella,-0.15939993,0.6927875
KWCARVCYRGICYRRCR,Klebsiella pneumoniae ATCC BAA-2146,0.2280333428529653,-0.6420016461647654,gram_negative,val,Klebsiella,-0.15939993,0.6927875
KWCARVCYRGICYRRCR,Klebsiella pneumoniae,7.297066971294889,0.8631483321551405,gram_negative,val,Klebsiella,-0.15939993,0.6927875
KWCFAVCYRGICYRRCR,Klebsiella pneumoniae ATCC 13883,0.05724360851068661,-1.2422729970841164,gram_negative,val,Klebsiella,-0.069720514,0.85168594
KWCFAVCYRGICYRRCR,Klebsiella pneumoniae ATCC 700603,0.2289744340427465,-0.6402130057561539,gram_negative,val,Klebsiella,-0.069720514,0.85168594
KWCFAVCYRGICYRRCR,Klebsiella pneumoniae ATCC BAA-2146,0.2289744340427465,-0.6402130057561539,gram_negative,val,Klebsiella,-0.069720514,0.85168594
KWCFAVCYRGICYRRCR,Klebsiella pneumoniae,3.663590944683944,0.5639069768997709,gram_negative,val,Klebsiella,-0.069720514,0.85168594
KWCFRVCARGICYRRCR,Klebsiella pneumoniae ATCC 13883,0.057427371373714106,-1.2408810622495277,gram_negative,val,Klebsiella,0.069100566,1.1724669
KWCFRVCARGICYRRCR,Klebsiella pneumoniae ATCC 700603,0.057427371373714106,-1.2408810622495277,gram_negative,val,Klebsiella,0.069100566,1.1724669
KWCFRVCARGICYRRCR,Klebsiella pneumoniae ATCC BAA-2146,0.2297094854948567,-0.6388210709215647,gram_negative,val,Klebsiella,0.069100566,1.1724669
KWCFRVCARGICYRRCR,Klebsiella pneumoniae,3.6753517679177077,0.5652989117343601,gram_negative,val,Klebsiella,0.069100566,1.1724669
KWCFRVCYRGICARRCR,Klebsiella pneumoniae ATCC 13883,0.11485474274742828,-0.9398510665855462,gram_negative,val,Klebsiella,0.1020158,1.2647823
KWCFRVCYRGICARRCR,Klebsiella pneumoniae ATCC 700603,0.2297094854948567,-0.6388210709215647,gram_negative,val,Klebsiella,0.1020158,1.2647823
KWCFRVCYRGICARRCR,Klebsiella pneumoniae ATCC BAA-2146,0.2297094854948567,-0.6388210709215647,gram_negative,val,Klebsiella,0.1020158,1.2647823
KWCFRVCYRGICARRCR,Klebsiella pneumoniae,3.6753517679177077,0.5652989117343601,gram_negative,val,Klebsiella,0.1020158,1.2647823
KWCFRVAYRGIAYRRCR,Klebsiella pneumoniae ATCC 13883,0.11339783129822781,-0.9453952511240545,gram_negative,val,Klebsiella,0.100176826,1.259438
KWCFRVAYRGIAYRRCR,Klebsiella pneumoniae ATCC 700603,0.9071826503858224,-0.042305264132111005,gram_negative,val,Klebsiella,0.100176826,1.259438
KWCFRVAYRGIAYRRCR,Klebsiella pneumoniae ATCC BAA-2146,0.4535913251929112,-0.3433352597960922,gram_negative,val,Klebsiella,0.100176826,1.259438
KWCFRVAYRGIAYRRCR,Klebsiella pneumoniae,7.25746120308658,0.8607847228598327,gram_negative,val,Klebsiella,0.100176826,1.259438
KWAFRVAYRGIAYRRAR,Klebsiella pneumoniae ATCC 13883,7.4748970765070215,0.873605217141913,gram_negative,val,Klebsiella,1.066775,11.662052
KWAFRVAYRGIAYRRAR,Klebsiella pneumoniae ATCC 700603,7.4748970765070215,0.873605217141913,gram_negative,val,Klebsiella,1.066775,11.662052
KWAFRVAYRGIAYRRAR,Klebsiella pneumoniae ATCC BAA-2146,7.4748970765070215,0.873605217141913,gram_negative,val,Klebsiella,1.066775,11.662052
KWAFRVAYRGIAYRRAR,Klebsiella pneumoniae,7.4748970765070215,0.873605217141913,gram_negative,val,Klebsiella,1.066775,11.662052
AWCFRVCYRGACYRRCR,Klebsiella pneumoniae ATCC 13883,0.057614742294327816,-1.2394663763357978,gram_negative,val,Klebsiella,-0.05353753,0.88402075
AWCFRVCYRGACYRRCR,Klebsiella pneumoniae ATCC 700603,0.11522948458865562,-0.9384363806718167,gram_negative,val,Klebsiella,-0.05353753,0.88402075
AWCFRVCYRGACYRRCR,Klebsiella pneumoniae ATCC BAA-2146,0.2304589691773112,-0.6374063850078355,gram_negative,val,Klebsiella,-0.05353753,0.88402075
AWCFRVCYRGACYRRCR,Klebsiella pneumoniae,1.84367175341849,0.2656836019841082,gram_negative,val,Klebsiella,-0.05353753,0.88402075
RPDKPRPYLPRPRPPRPVR,Klebsiella pneumoniae ATCC 13883,4.7858,0.679954545361563,gram_negative,val,Klebsiella,1.5838287,38.35559
ALWKSLLKNVGKA,Klebsiella pneumoniae ATCC 43816,183.0144,2.262485262377968,gram_negative,val,Klebsiella,1.6802154,47.88675
GWLKKIGKKIERVGQHTRDATIQTIGVAQQAANVAATLK,Klebsiella pneumoniae DSM 30104,0.9521893809459764,-0.02127666619513698,gram_negative,val,Klebsiella,0.4633744,2.9065273
GWLKKIGKKIERVGQHTRDATIQTIGVAQQAANVAATLK,Klebsiella pneumoniae RKI 93/10,0.9521893809459764,-0.02127666619513698,gram_negative,val,Klebsiella,0.4633744,2.9065273
GWLKKIGKKIERVGQHTRDATIQTIGVAQQAANVAATLK,Klebsiella pneumoniae RKI 19/16,3.808757523783905,0.5807833251328254,gram_negative,val,Klebsiella,0.4633744,2.9065273
GWLKKIGKKIERVGQHTRDATIQTIGVAQQAANVAATLK,Klebsiella oxytoca,0.9521893809459764,-0.02127666619513698,gram_negative,val,Klebsiella,0.4633744,2.9065273
GWLKKIGKKIERVGQHTRDATIQTIGVAQQAANVAATLK,Klebsiella aerogenes,0.9521893809459764,-0.02127666619513698,gram_negative,val,Klebsiella,0.4633744,2.9065273
GFRKIVQKIRDFLRNLV,Klebsiella pneumoniae ATCC 13883,6.521160000000001,0.8143248559756925,gram_negative,val,Klebsiella,1.364206,23.131615
GIKKWVKGVAKGVAKDLAKKIL,Klebsiella pneumoniae ATCC 13883,2.35702,0.3723632676549079,gram_negative,val,Klebsiella,1.1827046,15.230164
GIKKWVKGVAKGVAKDLAKKIL,Klebsiella pneumoniae,9.42808,0.9744232589828703,gram_negative,val,Klebsiella,1.1827046,15.230164
GFKRLVQRLKDFLRNLV,Klebsiella pneumoniae ATCC 13883,210.3600000000001,2.32296316214142,gram_negative,val,Klebsiella,1.3348395,21.619192
CWWKKKKKWWWC,Klebsiella pneumoniae,35.63053605974484,1.5518223563402902,gram_negative,val,Klebsiella,1.1620724,14.523538
LKKKLKCLCKLLKKLL,Klebsiella pneumoniae,33.44463428919492,1.524326451385887,gram_negative,val,Klebsiella,1.4063276,25.487522
HGVSGHGQHGVHG,Klebsiella pneumoniae,12.645247461565363,1.1019273327030201,gram_negative,val,Klebsiella,1.0010198,10.02351
HGVSGHGQHGVHG,Klebsiella pneumoniae ATCC 13883,12.645247461565363,1.1019273327030201,gram_negative,val,Klebsiella,1.0010198,10.02351
VQWLEQQVAKRRTKR,Klebsiella pneumoniae ATCC 13883,192.82899999999995,2.285172349031888,gram_negative,val,Klebsiella,2.258607,181.38731
RHSRLQREPQVQWLEQQVAKRRTKR,Klebsiella pneumoniae ATCC 13883,321.67400000000004,2.507415959525366,gram_negative,val,Klebsiella,2.1555426,143.06804
QKVFTNTWAVRIPGGPAVANSVARKHGFLNLQGIF,Klebsiella pneumoniae ATCC 13883,379.7469999999999,2.5794943516234556,gram_negative,val,Klebsiella,1.697701,49.85411
RKHGFLNLQGIFGDYYHFWHRGV,Klebsiella pneumoniae ATCC 13883,284.92600000000004,2.454732081185149,gram_negative,val,Klebsiella,1.7633263,57.98642
YYHFWHRGVTKRSLSPHRPR,Klebsiella pneumoniae ATCC 13883,15.49194,1.1901058063027248,gram_negative,val,Klebsiella,1.318467,20.819344
INLKAIAALVKKV,Klebsiella pneumoniae ATCC 700603,13.311500926771606,1.1242270267341945,gram_negative,val,Klebsiella,1.4848965,30.541935
RRLRPRRPRLPRPRPR,Klebsiella pneumoniae,24.16212385395383,1.3831351061706485,gram_negative,val,Klebsiella,1.5708895,37.229694
GRFKRFRKKLKRLWHKVGPFVGPILHY,Klebsiella pneumoniae 287,0.84254749,-0.0744056108558132,gram_negative,val,Klebsiella,0.9859801,9.682335
FLFSLIRKAIGGLISAFK,Klebsiella pneumoniae NCTC 13368,64.59995268053466,1.8102321998744926,gram_negative,val,Klebsiella,1.7000777,50.127686
RFRPPIRRPPIRPPFYPPF,Klebsiella pneumoniae ATCC 700603,154.04608000000005,2.187650651331767,gram_negative,val,Klebsiella,1.9346406,86.02816
RFRPPIRRPPIRPPFYP,Klebsiella pneumoniae ATCC 700603,138.41086999999996,2.141170198470752,gram_negative,val,Klebsiella,1.6375241,43.40344
FLSLIPKIISAISALINHF,Klebsiella pneumoniae ATCC 43816,1073.9814,3.030996759997324,gram_negative,val,Klebsiella,2.4857502,306.02026
FLSLIPKIISAISALIKHF,Klebsiella pneumoniae ATCC 43816,1081.6973,3.0341057456764293,gram_negative,val,Klebsiella,1.8328272,68.04986
IKPIIKPIIKPIIKPIIKPIIKPIIKPIIKPI,Klebsiella pneumoniae,232.83136000000007,2.367041474937084,gram_negative,val,Klebsiella,1.1703095,14.80163
LKPLLKPLLKPLLKPLLKPLLKPL,Klebsiella pneumoniae,21.861999999999995,1.339689889966477,gram_negative,val,Klebsiella,1.6786244,47.711643
LKPLLKPLLKPLLKPLLKPLLKPLLKPL,Klebsiella pneumoniae,3.1853699999999994,0.5031598855333614,gram_negative,val,Klebsiella,1.3230422,21.039827
IRPIIRPIIRPIIRPIIRPI,Klebsiella pneumoniae,19.321440000000003,1.2860394906482562,gram_negative,val,Klebsiella,1.7563394,57.06101
GKSYRRFRWKFKGKLFLFG,Klebsiella pneumoniae,6.606420788622488,0.8199662321402521,gram_negative,val,Klebsiella,1.1111331,12.91615
PMARNKKLLKKLRLKIAFK,Klebsiella pneumoniae,36.848800000000004,1.5664233494036455,gram_negative,val,Klebsiella,1.7055299,50.76097
PMKKKLAARILAKIVAPVW,Klebsiella pneumoniae,60.9261572630658,1.7848037871499962,gram_negative,val,Klebsiella,1.5424445,34.8694
KTVGKLALKHWL,Klebsiella pneumoniae ATCC 700603,20.951550000000005,1.3212161576863815,gram_negative,val,Klebsiella,1.5822011,38.21212
LKKWWKTSKGLLGGLLGKVTSVIK,Klebsiella pneumoniae,10.58936,1.024869713000065,gram_negative,val,Klebsiella,1.5317043,34.01765
KAAKAAKKAAKAAWK,Klebsiella pneumoniae ATCC 10031,129.7115953475564,2.1129788008363515,gram_negative,val,Klebsiella,1.4461249,27.933472
RRSRFGRFFKKVRKQLGRVLRHSRITVGGRMRF,Klebsiella pneumoniae,4.584488379899021,0.661290876279884,gram_negative,val,Klebsiella,1.1770177,15.032032
RRSRFGRFFKKVRKQLGRVLRHSRITVGGRMRF,Klebsiella oxytoca,4.584488379899021,0.661290876279884,gram_negative,val,Klebsiella,1.1770177,15.032032
PVWLVVV,Klebsiella pneumoniae,137.47128,2.1382119764184275,gram_negative,val,Klebsiella,2.3174326,207.69815
FLPIVGRLISGIL,Klebsiella pneumoniae ATCC 13883,69.8395,1.844101121476175,gram_negative,val,Klebsiella,2.290052,195.00778
SILPTIVSFLSKVF,Klebsiella pneumoniae ATCC 13883,77.547,1.8895650012644245,gram_negative,val,Klebsiella,1.5747148,37.559067
FLSAITSILGKFF,Klebsiella pneumoniae ATCC 13883,72.18949999999998,1.8584740338067889,gram_negative,val,Klebsiella,1.8814819,76.11704
VRKPPYLPRPRWPRRIYNR,Klebsiella pneumoniae DSM 681,3.1733654361558736,0.5015200871547787,gram_negative,val,Klebsiella,0.27830842,1.8980534
EWAAARQVIIHATRKY,Klebsiella pneumoniae MTCC 7407,66.90409606215559,1.8254527073453415,gram_negative,val,Klebsiella,1.8553045,71.664566
EWAAARQVIIHATRKY,Klebsiella oxytoca MTCC 2275,66.90409606215559,1.8254527073453415,gram_negative,val,Klebsiella,1.8553045,71.664566
EWAAARQVIIHATRKY,Klebsiella aerogenes MTCC 111,66.90409606215559,1.8254527073453415,gram_negative,val,Klebsiella,1.8553045,71.664566
EKAILSALKLLRLAL,Klebsiella pneumoniae MTCC 7407,77.47837899251232,1.8891805258058305,gram_negative,val,Klebsiella,1.9586629,90.92072
EKAILSALKLLRLAL,Klebsiella oxytoca MTCC 2275,77.47837899251232,1.8891805258058305,gram_negative,val,Klebsiella,1.9586629,90.92072
EKAILSALKLLRLAL,Klebsiella aerogenes MTCC 111,77.47837899251232,1.8891805258058305,gram_negative,val,Klebsiella,1.9586629,90.92072
GLFDVIRKVASVIGGL,Klebsiella pneumoniae ATCC 700603,19.465110917676572,1.2892568827933348,gram_negative,val,Klebsiella,1.465691,29.220724
GLLSLASLLGKLL,Klebsiella pneumoniae ATCC 13883,4.022777,0.6045259584092533,gram_negative,val,Klebsiella,1.1016551,12.637324
GLSLLLKLGLKLL,Klebsiella pneumoniae ATCC 13883,34.54625000000001,1.538400911545339,gram_negative,val,Klebsiella,1.6108544,40.81825
KLKLLLKLGLKLL,Klebsiella pneumoniae ATCC 13883,37.40200000000001,1.5728948258833768,gram_negative,val,Klebsiella,1.553478,35.76663
KKLRLKIAFK,Klebsiella pneumoniae ATCC 13883,39.95743999999999,1.6015976559931786,gram_negative,val,Klebsiella,1.7669091,58.466774
KKLRLKIAFK,Klebsiella pneumoniae KpC+001825971,39.95743999999999,1.6015976559931786,gram_negative,val,Klebsiella,1.7669091,58.466774
AIIAGIIIKIKK,Klebsiella oxytoca,164.19071999999994,2.215348607310315,gram_negative,val,Klebsiella,1.8844262,76.634834
AIIAGIIIKIKK,Klebsiella pneumoniae NDM-1,164.19071999999994,2.215348607310315,gram_negative,val,Klebsiella,1.8844262,76.634834
RWCFKVCYKGICYKKCK,Klebsiella pneumoniae ATCC 10031,3.7093637462830444,0.5692994230449057,gram_negative,val,Klebsiella,-0.4403957,0.36274737
FLPLILFWIVTAL,Klebsiella pneumoniae ATCC 13883,388.11177412101745,2.5889568181026106,gram_negative,val,Klebsiella,2.4050953,254.15306
FLPKILRKIVRAL,Klebsiella pneumoniae ATCC 13883,47.86163164003559,1.679987499964531,gram_negative,val,Klebsiella,1.2378223,17.291086
MGFKLRAKIKVRLRAKIKL,Klebsiella aerogenes ATCC 13048,28.194704523461475,1.4501675476031228,gram_negative,val,Klebsiella,1.528813,33.79193
FRKKLKKLFKKLSPVIPLLKLG,Klebsiella pneumoniae ATCC 700603,5.2049,0.7164123899723215,gram_negative,val,Klebsiella,0.9362718,8.635188
FRKKLKKLFKKLSPVIPLLKLG,Klebsiella pneumoniae NDM-1,10.409799999999999,1.0174423856363026,gram_negative,val,Klebsiella,0.9362718,8.635188
KFFKFFKFFKGTNLYMLPKWDIP,Klebsiella pneumoniae DSM 789,0.7369225,-0.1325781832293246,gram_negative,val,Klebsiella,2.0240002,105.68179
GLWSKIKDAAKTAGKAALGFVNEMV,Klebsiella pneumoniae ATCC 43816,20.873200000000004,1.3195890343940735,gram_negative,val,Klebsiella,1.7027489,50.43696
SLRSSIKDMAAAAGRAALNAVNGIVNP,Klebsiella pneumoniae,504.2765799999998,2.702668798789807,gram_negative,val,Klebsiella,2.3192968,208.59161
RQYMRQIEQALRYGYRISRR,Klebsiella pneumoniae ATCC 13883,211.44879999999992,2.3252052248110955,gram_negative,val,Klebsiella,1.750121,56.2498
RFRPPIRRPPIRPPFYR,Klebsiella pneumoniae ATCC 700603,142.19136,2.1528732080792445,gram_negative,val,Klebsiella,1.7627221,57.905807
RFRWPIRRPPIRPPFYR,Klebsiella pneumoniae ATCC 700603,55.46016,1.7439811181631713,gram_negative,val,Klebsiella,1.6138681,41.10249
IRR,Klebsiella pneumoniae ATCC 700603,577.1689547132044,2.7613029628245225,gram_negative,val,Klebsiella,2.7064734,508.7136
IRR,Klebsiella aerogenes ATCC 13048,577.1689547132044,2.7613029628245225,gram_negative,val,Klebsiella,2.7064734,508.7136
GFLKKVGKKLEGASDLTRDATIQTIAVAQAAANVAATAKQG,Klebsiella pneumoniae DSM 30104,248.92593563699066,2.3960701481844295,gram_negative,val,Klebsiella,1.5245696,33.463367
ATCDLLSFLNVKDAACAAHCLAKGYRGGYCDGRKVCNCRK,Klebsiella pneumoniae DSM 30104,29.79521307778941,1.4741464955898798,gram_negative,val,Klebsiella,1.4728967,29.709593
SSRRKPCKGWLCKLKLR,Klebsiella pneumoniae,2.9132560530663185,0.4643786574895653,gram_negative,val,Klebsiella,1.3910807,24.60825
KPCKGWLCKLKLR,Klebsiella pneumoniae,3.8143063442340286,0.581415570269397,gram_negative,val,Klebsiella,1.5613889,36.424103
SLWGKLKEMAAAAGKAALNAVNGLVNQ,Klebsiella pneumoniae ATCC 43816,87.30432,1.9410357340348148,gram_negative,val,Klebsiella,1.8938179,78.31012
RRRRR,Klebsiella pneumoniae ATCC 700603,40.052879814575185,1.6026337474518524,gram_negative,val,Klebsiella,1.9259717,84.32799
VVVKKKKK,Klebsiella pneumoniae ATCC 700603,33.46335939919884,1.5245695378008801,gram_negative,val,Klebsiella,1.9987904,99.72186
GIAGLLRSFVRMLAKIMGG,Klebsiella pneumoniae ATCC 13866,32.15301458877726,1.5072216975680057,gram_negative,val,Klebsiella,1.2710757,18.667051
GIHGVVRSFMRMLGHLG,Klebsiella pneumoniae ATCC 13866,34.27503271658982,1.5349778780094028,gram_negative,val,Klebsiella,1.2682194,18.54468
WWWWLRKI,Klebsiella pneumoniae ATCC 13883,15.919999999999996,1.2019430634016501,gram_negative,val,Klebsiella,1.3898628,24.539333
RRRWWWWV,Klebsiella pneumoniae E406-17,30.08563991467026,1.4783592532700747,gram_negative,val,Klebsiella,1.6888812,48.851868
RRRWWWWV,Klebsiella pneumoniae,21.273760000000003,1.327844255438084,gram_negative,val,Klebsiella,1.6888812,48.851868
FLPLIAGLAAKCAITKKC,Klebsiella pneumoniae ATCC 43816,954.59326,2.9798183636619644,gram_negative,val,Klebsiella,2.255078,179.91943
FLPLIAGLAAKFLPKIFCAITKKC,Klebsiella pneumoniae ATCC 43816,41.782720000000005,1.6209967085629118,gram_negative,val,Klebsiella,1.6854528,48.467747
FLPKIFCAITKKC,Klebsiella pneumoniae ATCC 43816,775.6851,2.889685449237237,gram_negative,val,Klebsiella,1.8706982,74.2503
FVKWFSKFLGRIL,Klebsiella pneumoniae ATCC 27736,12.479808000000002,1.0962079038414412,gram_negative,val,Klebsiella,1.290213,19.50801
FVKWFSKKLGRIL,Klebsiella pneumoniae ATCC 27736,24.361200000000004,1.3866986772507564,gram_negative,val,Klebsiella,1.3030664,20.093998
RRIPFWPPNLPGPRRPPWFLPDFRIPRIPRKR,Klebsiella pneumoniae ATCC 700603,182.5557375979182,2.2613954870691315,gram_negative,val,Klebsiella,1.5398377,34.660732
GLLDLLKGAGKGLLTHLASQI,Klebsiella pneumoniae ATCC 49472,264.9475,2.423159825940074,gram_negative,val,Klebsiella,2.119109,131.55547
GLLDLLKGAGKGLLTHLASQI,Klebsiella pneumoniae ATCC BAA-2814,264.9475,2.423159825940074,gram_negative,val,Klebsiella,2.119109,131.55547
KCAGSIAWAIGSGLFGGAKLIKIKKYIAELGGLQ,Klebsiella pneumoniae ATCC 700603,5.775103494185944,0.7615597715167569,gram_negative,val,Klebsiella,1.3007596,19.987549
GILDTLKQFAKGVGKDLVKGAAQ,Klebsiella pneumoniae ATCC 10031,84.82675429044183,1.928532849994495,gram_negative,val,Klebsiella,1.764342,58.12219
GILDTLKQFAKGVGWDLVKGAAQ,Klebsiella pneumoniae ATCC 10031,82.78884832557279,1.917971841170906,gram_negative,val,Klebsiella,1.6706303,46.84145
KRWHWWRRHWVVW,Klebsiella pneumoniae NCTC 9633,161.47360000000006,2.208101527834104,gram_negative,val,Klebsiella,1.2713047,18.676897
RIHPPPFYPPFRRFL,Klebsiella pneumoniae ESBL 344/17,124.12031999999998,2.09384288658708,gram_negative,val,Klebsiella,1.4629375,29.036045
RFRRFRLPFRRPPIRIH,Klebsiella pneumoniae ESBL 344/17,16.338280920410195,1.2132063590473408,gram_negative,val,Klebsiella,1.1896316,15.475033
LNLKALLAVAKKI,Klebsiella pneumoniae ATCC 700603,89.39839999999998,1.951329746118186,gram_negative,val,Klebsiella,1.61961,41.649517
GKWKKILGKLIR,Klebsiella pneumoniae ATCC 13883,11.5432,1.0623262204048476,gram_negative,val,Klebsiella,1.8856189,76.84559
GLFDIVKKVVKLLK,Klebsiella pneumoniae ATCC 700603,32.062,1.5059906097795834,gram_negative,val,Klebsiella,1.3873391,24.397152
GLFDIVKKVLKLLK,Klebsiella pneumoniae ATCC 700603,32.3426,1.5097749296169283,gram_negative,val,Klebsiella,1.3378431,21.76923
KLLKLVKKVVGALG,Klebsiella pneumoniae ATCC 700603,32.31712000000001,1.5094326508699223,gram_negative,val,Klebsiella,1.2848697,19.269466
PIMYKVPLIRKKSLRRTLSERGLLKDPFLKKHNLNPARKYFPQWKAPTL,Klebsiella pneumoniae ATCC 700603,36.85806300000001,1.5665325080258772,gram_negative,val,Klebsiella,2.3141646,206.14113
ILIACWGLKLLRYRRIY,Klebsiella pneumoniae ATCC BAA-1705,275.4240000000001,2.440001781285567,gram_negative,val,Klebsiella,2.2404752,173.97032
WRWACWGLKLLKYKKIY,Klebsiella pneumoniae ATCC BAA-1705,144.63167999999996,2.1602634308717703,gram_negative,val,Klebsiella,1.7310901,53.838142
WWWAKLGLKLLRYRRWY,Klebsiella pneumoniae ATCC BAA-1705,19.175680000000003,1.2827507736646364,gram_negative,val,Klebsiella,1.3038902,20.132153
IVIKSLGKFLKNVGGFAG,Klebsiella pneumoniae ATCC 700603,118.48255999999998,2.073654429222323,gram_negative,val,Klebsiella,2.1196682,131.725
FKLVWKLLKKLALKL,Klebsiella pneumoniae ATCC 700603,118.17535999999996,2.0725269339770698,gram_negative,val,Klebsiella,0.83571285,6.8503513
AGKEKIRKKLKNEIKKKGRKAVIAW,Klebsiella pneumoniae NCTC 13368,43.81197597625063,1.6415928408574672,gram_negative,val,Klebsiella,1.3906567,24.584236
AGKEKIRKKLKNEIKKKGRKAVIAW,Klebsiella pneumoniae M6,43.81197597625063,1.6415928408574672,gram_negative,val,Klebsiella,1.3906567,24.584236
FPLTWLKWWKWKK,Klebsiella pneumoniae ATCC 700603,8.444975732063009,0.9265984058968124,gram_negative,val,Klebsiella,1.8772315,75.37572
FPLTWLKWWKWKK,Klebsiella pneumoniae,8.661513571346672,0.9375937901982755,gram_negative,val,Klebsiella,1.8772315,75.37572
RRGWARALAFAFGR,Klebsiella pneumoniae ATCC 13883,22.224123281807092,1.3468246375215118,gram_negative,val,Klebsiella,1.4787285,30.111233
RRGWARALAFAFGR,Klebsiella pneumoniae,3.104505,0.49199236364106497,gram_negative,val,Klebsiella,1.4787285,30.111233
RRWARRLAFAFRR,Klebsiella pneumoniae ATCC 13883,7.201359362800888,0.857414483659031,gram_negative,val,Klebsiella,1.3784292,23.901722
FMSVAKTILKRLFRVYAHIY,Klebsiella pneumoniae ATCC 13833,9.832320000000001,0.9926560045379457,gram_negative,val,Klebsiella,1.6852466,48.444736
CFLPKLFAKITKKNMAHIR,Klebsiella pneumoniae ATCC 13883,13.393531342554883,1.126895098325466,gram_negative,val,Klebsiella,1.3094059,20.38947
RIVQRIKKWR,Klebsiella pneumoniae LMG 20218,354.24255000000005,2.549300725460324,gram_negative,val,Klebsiella,1.9985627,99.66959
RIVQRIKKWR,Klebsiella aerogenes LMG 02094,354.24255000000005,2.549300725460324,gram_negative,val,Klebsiella,1.9985627,99.66959
RIVQRIKKWL,Klebsiella pneumoniae LMG 20218,85.80671999999998,1.9335213011894403,gram_negative,val,Klebsiella,1.6288434,42.5445
RIVQRIKKWL,Klebsiella aerogenes LMG 02094,343.22686999999985,2.5355812798641253,gram_negative,val,Klebsiella,1.6288434,42.5445
RIVQRIKKWLR,Klebsiella pneumoniae LMG 20218,67.74286610520107,1.8308635670848374,gram_negative,val,Klebsiella,1.8662552,73.49455
RIVQRIKKWLR,Klebsiella aerogenes LMG 02094,191.60575999999995,2.282408560580809,gram_negative,val,Klebsiella,1.8662552,73.49455
RIVQRIKKWLR,Klebsiella pneumoniae ATCC 700603,128.25610000000003,2.1080780297942967,gram_negative,val,Klebsiella,1.8662552,73.49455
RIVQRIKKWLR,Klebsiella pneumoniae ATCC BAA-2524,128.25610000000003,2.1080780297942967,gram_negative,val,Klebsiella,1.8662552,73.49455
RIVQRIKKWLR,Klebsiella pneumoniae B1945,32.049057000000005,1.5058152555171935,gram_negative,val,Klebsiella,1.8662552,73.49455
GRRGSGLGRSSSR,Klebsiella pneumoniae ATCC 700603,24.01626922117717,1.3805055433459104,gram_negative,val,Klebsiella,1.7779437,59.971336
GRGR,Klebsiella pneumoniae ATCC 700603,71.99273413330761,1.857288667472364,gram_negative,val,Klebsiella,2.2541263,179.52557
GKGK,Klebsiella pneumoniae ATCC 700603,82.37603372268883,1.9158008775230706,gram_negative,val,Klebsiella,2.3321102,214.83754
LKKIGKKIWRVGWNTR,Klebsiella pneumoniae WGLW2,128.25272999999999,2.108066618316539,gram_negative,val,Klebsiella,1.5425401,34.877075
LKKIGKKIWRVGWNTR,Klebsiella aerogenes ATCC 13048,128.25272999999999,2.108066618316539,gram_negative,val,Klebsiella,1.5425401,34.877075
LKWIGKWIWRVGWNWR,Klebsiella pneumoniae WGLW2,128.11758000000003,2.107608726724752,gram_negative,val,Klebsiella,1.8688725,73.93882
LKWIGKWIWRVGWNWR,Klebsiella aerogenes ATCC 13048,128.11758000000003,2.107608726724752,gram_negative,val,Klebsiella,1.8688725,73.93882
LWKIGWKIWRVG,Klebsiella pneumoniae WGLW2,64.08895000000001,1.8067831563876011,gram_negative,val,Klebsiella,1.7895736,61.598984
LWKIGWKIWRVG,Klebsiella aerogenes ATCC 13048,128.16245999999998,2.107760834837011,gram_negative,val,Klebsiella,1.7895736,61.598984
LWKILWKIWRVLKNWR,Klebsiella pneumoniae WGLW2,128.23438999999993,2.1080045102402214,gram_negative,val,Klebsiella,2.0082047,101.90716
LWKILWKIWRVLKNWR,Klebsiella aerogenes ATCC 13048,128.23438999999993,2.1080045102402214,gram_negative,val,Klebsiella,2.0082047,101.90716
GALKRAKTAL,Klebsiella pneumoniae ATCC 700603,527.0015999999998,2.7218119337516664,gram_negative,val,Klebsiella,2.5736337,374.65683
GLAKRAKTLL,Klebsiella pneumoniae ATCC 700603,548.5466000000001,2.7392135275592264,gram_negative,val,Klebsiella,2.527902,337.21112
GLLKRWKTLL,Klebsiella pneumoniae ATCC 700603,78.6304,1.8955904849674317,gram_negative,val,Klebsiella,1.8050592,63.83505
WRIWRIWRIWRI,Klebsiella pneumoniae ATCC 700603,58.85792,1.7698049103547617,gram_negative,val,Klebsiella,1.5751384,37.595722
WRWWRW,Klebsiella pneumoniae ATCC 700603,137.50911999999994,2.1383315027795713,gram_negative,val,Klebsiella,2.1631875,145.60876
RRIRPRPPRLPRPRWR,Klebsiella pneumoniae ATCC 700603,4.33136,0.6366242815169524,gram_negative,val,Klebsiella,1.0705909,11.764971
GRWWWRG,Klebsiella pneumoniae ATCC 700603,128.27775999999994,2.1081513676258044,gram_negative,val,Klebsiella,1.9417311,87.444214
IRWWWRI,Klebsiella pneumoniae ATCC 700603,35.66047999999999,1.5521871846034505,gram_negative,val,Klebsiella,1.5346606,34.25
VRWWWRV,Klebsiella pneumoniae ATCC 700603,69.52512,1.842141747126889,gram_negative,val,Klebsiella,1.6410592,43.75817
ARWWWRA,Klebsiella pneumoniae ATCC 700603,131.86945000000006,2.1201441948400936,gram_negative,val,Klebsiella,1.752916,56.612976
FRRWWWRRF,Klebsiella pneumoniae ATCC 700603,23.916960000000003,1.3787059771922967,gram_negative,val,Klebsiella,1.8310418,67.770676
KWKYPKLLKKLLK,Klebsiella pneumoniae,75.91133034725044,1.8803066025100261,gram_negative,val,Klebsiella,1.8177196,65.723335
RRWWRFPRFFRRFFR,Klebsiella pneumoniae,221.00218274187048,2.3443965630428867,gram_negative,val,Klebsiella,1.2150782,16.408854
LLPIVGNLLKSLLGWARKRFG,Klebsiella pneumoniae ATCC 13883,28.23552,1.4507957903392712,gram_negative,val,Klebsiella,1.6182542,41.5197
LLPIVGNLLKSLLCWKRKRFC,Klebsiella pneumoniae ATCC 13883,20.026079999999997,1.3015959467484197,gram_negative,val,Klebsiella,1.5456818,35.1303
VFRLKKAIQKVI,Klebsiella pneumoniae ATCC 13883,138.6161231620888,2.1418137482633712,gram_negative,val,Klebsiella,1.8008283,63.216194
LPLIAGLWGKIW,Klebsiella pneumoniae ATCC 43816,174.944,2.242899052211463,gram_negative,val,Klebsiella,1.8799014,75.84054
FVQWLSKLLGRIL,Klebsiella pneumoniae ATCC 27736,47.84898999999999,1.6798727750897466,gram_negative,val,Klebsiella,1.5269551,33.64768
GWKRLVQRLKDWLRKLV,Klebsiella pneumoniae ATCC 13883,13.729688,1.1376606682332646,gram_negative,val,Klebsiella,1.231697,17.048923
KRGGIWKLIRPLGRGAGRILRHFHIDFCGNC,Klebsiella pneumoniae,18.03729232735295,1.2561713438740323,gram_negative,val,Klebsiella,0.67695045,4.75281
RVCVWLVVMCKK,Klebsiella pneumoniae ATCC 10031,87.43653763879954,1.9416929518449493,gram_negative,val,Klebsiella,1.613526,41.07012
GIKRGIIKRIKRIKRI,Klebsiella pneumoniae ATCC 78578,249.80095999999998,2.397594103060941,gram_negative,val,Klebsiella,2.299988,199.52074
GIKRGIIKRIKRIKRI,Klebsiella oxytoca,249.80095999999998,2.397594103060941,gram_negative,val,Klebsiella,2.299988,199.52074
GIKRGIIKRIKRIKRI,Klebsiella pneumoniae KP1088,249.80095999999998,2.397594103060941,gram_negative,val,Klebsiella,2.299988,199.52074
GIKRGIIKRIKRIKRI,Klebsiella pneumoniae KP04,249.80095999999998,2.397594103060941,gram_negative,val,Klebsiella,2.299988,199.52074
GIKRGIIKRIKRIKRI,Klebsiella pneumoniae KP14,249.80095999999998,2.397594103060941,gram_negative,val,Klebsiella,2.299988,199.52074
GIKRGIIKRIKRIKRI,Klebsiella pneumoniae KP94,249.80095999999998,2.397594103060941,gram_negative,val,Klebsiella,2.299988,199.52074
GIKRGIIKRIKRIKRI,Klebsiella pneumoniae KP98,249.80095999999998,2.397594103060941,gram_negative,val,Klebsiella,2.299988,199.52074
GILGKLWEGVKSIA,Klebsiella pneumoniae KCTC 2208,36.795249999999996,1.5657917580230842,gram_negative,val,Klebsiella,1.3491162,22.3417
GILGKLWEGVKSII,Klebsiella pneumoniae KCTC 2208,37.847249999999995,1.5780343289295193,gram_negative,val,Klebsiella,1.3467004,22.217768
GSKKPVPIIYCNAATGKCQRM,Klebsiella pneumoniae ATCC 13883,226.7820000000001,2.355608581037002,gram_negative,val,Klebsiella,1.1163515,13.072285
VRKPPYLPRPRPPRRIYNR,Klebsiella pneumoniae ATCC 10031,6.579249819132312,0.818176377202899,gram_negative,val,Klebsiella,0.57506484,3.7589352
VDKFPYLPRPRPPRRIYNR,Klebsiella pneumoniae ATCC 10031,6.555097540875643,0.8165791584439334,gram_negative,val,Klebsiella,0.5062166,3.2078688
VDKPRYLPRPRPPRRIYNR,Klebsiella pneumoniae ATCC 10031,3.2654921888610464,0.5139486492547599,gram_negative,val,Klebsiella,0.5548707,3.5881512
WR,Klebsiella pneumoniae MTCC 109,5.5492217355246485,0.7442320786780738,gram_negative,val,Klebsiella,2.1445844,139.50328
VDKPPFLPRPRPPRRIYNR,Klebsiella pneumoniae ATCC 10031,1.684359104518904,0.22643468840164485,gram_negative,val,Klebsiella,1.0875171,12.232554
VDKPPYLPRPRWERRIYNR,Klebsiella pneumoniae ATCC 10031,3.1848612081277334,0.5030905111273744,gram_negative,val,Klebsiella,0.25872758,1.8143772
VDKPPYLPRPRWIRRIYNR,Klebsiella pneumoniae ATCC 10031,1.6026109737985124,0.2048281122249481,gram_negative,val,Klebsiella,0.20055655,1.5869255
VDKPPYLPRPRWFRRIYNR,Klebsiella pneumoniae ATCC 10031,1.581063163789606,0.19894922043020022,gram_negative,val,Klebsiella,0.40243572,2.5260139
VDKPPYLPRPRWNRRIYNR,Klebsiella pneumoniae ATCC 10031,0.8010022139701195,-0.09636628352415537,gram_negative,val,Klebsiella,0.11996888,1.3181623
VDKPPYLPRPRWYRRIYNR,Klebsiella pneumoniae ATCC 10031,1.5711273302076805,0.19621138336314367,gram_negative,val,Klebsiella,0.07805809,1.1969006
WLWKKIKNVAKAAGKAAKGAL,Klebsiella pneumoniae ATCC 43816,144.50240000000002,2.1598750602282126,gram_negative,val,Klebsiella,1.0057625,10.13357
GWINEEKIQKKIDEKIGNNILGGMAKAVVHKLAKGEFQ,Klebsiella pneumoniae ATCC 27736,15.108930430788186,1.179233721490071,gram_negative,val,Klebsiella,1.7418828,55.19285
GWINEEKIQKKIDEKIGNNILGGMAKAVVHKLAKGEFQ,Klebsiella pneumoniae,3.7772326076970466,0.5771737301621086,gram_negative,val,Klebsiella,1.7418828,55.19285
MKYFTIVAVFLAVAVCYISQSSASPAPKEEANFVHGADALKQLEPELHGRYKRATCDLLSGTGVGHSACAAHCLLRGNRGGYCNGKGVCVCRN,Klebsiella pneumoniae,51.92557948870648,1.715381351954238,gram_negative,val,Klebsiella,1.2426264,17.483421
SYEKKINRHFKILKKNLKKK,Klebsiella pneumoniae ATCC 13883,12.578158515142096,1.099617063585224,gram_negative,val,Klebsiella,1.4935749,31.158379
SYEKKINRHFKILKKNLKKK,Klebsiella pneumoniae,12.578158515142096,1.099617063585224,gram_negative,val,Klebsiella,1.4935749,31.158379
GFFKKAWRKVKHAGRRVL,Klebsiella pneumoniae ATCC 13883,58.59098566699703,1.7678308041371824,gram_negative,val,Klebsiella,1.3223555,21.006588
IFFRRNKKMAVKVAINGFGRIGRLAFRQMF,Klebsiella pneumoniae NCTC 5056,71.52899999999998,1.8544821535007747,gram_negative,val,Klebsiella,0.98783386,9.723752
IFFRRNKKMAVKVAINGFGRIGRLAFRQMF,Klebsiella pneumoniae,57.22320000000001,1.7575721404927185,gram_negative,val,Klebsiella,0.98783386,9.723752
GRPNWGFENDWSCVRVC,Klebsiella pneumoniae ATCC 27736,202.53099999999995,2.306491507049616,gram_negative,val,Klebsiella,1.4371135,27.359838
LAGQGSPDLLGGHSLL,Klebsiella pneumoniae ATCC 27736,153.474,2.1860348123022337,gram_negative,val,Klebsiella,1.9563652,90.44097
SVIWRKLFFIFIKRSGNWIKKVEKRQNLL,Klebsiella pneumoniae NCTC 5056,36.5353,1.5627126777907105,gram_negative,val,Klebsiella,1.3828621,24.14694
SVIWRKLFFIFIKRSGNWIKKVEKRQNLL,Klebsiella pneumoniae,58.45648,1.7668326604466353,gram_negative,val,Klebsiella,1.3828621,24.14694
GVPMGSVIKKRRKRMAKKKHRKLLRKTRHQRRNKK,Klebsiella pneumoniae NCTC 5056,86.92980000000001,1.9391686804419692,gram_negative,val,Klebsiella,1.6491868,44.584805
GVPMGSVIKKRRKRMAKKKHRKLLRKTRHQRRNKK,Klebsiella pneumoniae,69.54384,1.8422586674339128,gram_negative,val,Klebsiella,1.6491868,44.584805
DKLISILSLLSKRRKADGFRVKKTQKSSAYKKRF,Klebsiella pneumoniae NCTC 5056,801.1759999999999,2.9037279311062107,gram_negative,val,Klebsiella,1.7720101,59.15754
DKLISILSLLSKRRKADGFRVKKTQKSSAYKKRF,Klebsiella pneumoniae,500.7350000000002,2.699607948450286,gram_negative,val,Klebsiella,1.7720101,59.15754
AIPYIWIYRLLRKG,Klebsiella pneumoniae ATCC 700603,26.44815,1.4223952993243003,gram_negative,val,Klebsiella,1.3403853,21.897036
AIPYIYIWRLLRKG,Klebsiella pneumoniae ATCC 700603,26.44815,1.4223952993243003,gram_negative,val,Klebsiella,1.3470951,22.23797
AHPKVKRKLKRMQRKKDGKQKRH,Klebsiella pneumoniae CMCC 46117,17.34611455186712,1.2392022100976263,gram_negative,val,Klebsiella,1.5618051,36.45903
FVKELWDKVKKMGSAAWSAAKGAFA,Klebsiella pneumoniae ATCC 13883,109.2916,2.038586783964,gram_negative,val,Klebsiella,1.5238676,33.409317
APLKMKAILEIVHRRMKQNKMKAAF,Klebsiella pneumoniae CMCC 46117,16.92801662249978,1.2286060768116362,gram_negative,val,Klebsiella,1.4221519,26.433332
IIPLPLKKFLKKL,Klebsiella aerogenes CGMCC 1.876,4.864427,0.6870316903609773,gram_negative,val,Klebsiella,1.6190163,41.59262
IIPLPLKKFLKKL,Klebsiella pneumoniae subsp. pneumoniae CGMCC 1.176,38.85325,1.5894273525585985,gram_negative,val,Klebsiella,1.6190163,41.59262
IIPLPLKKFLKKL,Klebsiella pneumoniae,38.85325,1.5894273525585985,gram_negative,val,Klebsiella,1.6190163,41.59262
IIPLPLKKFLKKL,Klebsiella aerogenes,155.41300000000007,2.191487343886561,gram_negative,val,Klebsiella,1.6190163,41.59262
WILLLLKKFLKKL,Klebsiella aerogenes CGMCC 1.876,10.370438000000002,1.0157970993944396,gram_negative,val,Klebsiella,0.8800466,7.58659
WILLLLKKFLKKL,Klebsiella pneumoniae subsp. pneumoniae CGMCC 1.176,5.1935153,0.7154614153822413,gram_negative,val,Klebsiella,0.8800466,7.58659
WILLLLKKFLKKL,Klebsiella pneumoniae,41.481750000000005,1.6178570697833399,gram_negative,val,Klebsiella,0.8800466,7.58659
WILLLLKKFLKKL,Klebsiella aerogenes,2.5884612,0.41304165946576377,gram_negative,val,Klebsiella,0.8800466,7.58659
IWLLLLKKFLKKL,Klebsiella aerogenes CGMCC 1.876,5.1935153,0.7154614153822413,gram_negative,val,Klebsiella,0.98282427,9.612232
IWLLLLKKFLKKL,Klebsiella pneumoniae subsp. pneumoniae CGMCC 1.176,5.1935153,0.7154614153822413,gram_negative,val,Klebsiella,0.98282427,9.612232
IWLLLLKKFLKKL,Klebsiella pneumoniae,20.740875000000003,1.3168270741193586,gram_negative,val,Klebsiella,0.98282427,9.612232
IWLLLLKKFLKKL,Klebsiella aerogenes,5.1935153,0.7154614153822413,gram_negative,val,Klebsiella,0.98282427,9.612232
FVDLKKIANILNSIF,Klebsiella pneumoniae ATCC 43816,888.9087999999997,2.948857205640059,gram_negative,val,Klebsiella,1.7278149,53.43366
IRIRRRRFRIRI,Klebsiella pneumoniae ATCC 700603,27.362880000000008,1.4371618058508053,gram_negative,val,Klebsiella,1.6772002,47.55544
VRVRRRRFRVRV,Klebsiella pneumoniae ATCC 700603,105.85984000000005,2.0247312332489615,gram_negative,val,Klebsiella,1.7769101,59.82877
LKLKRRRFKLKL,Klebsiella pneumoniae ATCC 700603,205.0739100000001,2.311910411885848,gram_negative,val,Klebsiella,1.9306484,85.24098
RFRFRRRRFRFRFR,Klebsiella pneumoniae ATCC 700603,17.269120000000004,1.237270207348498,gram_negative,val,Klebsiella,1.4655589,29.211838
INWLRLGRMVIDAL,Klebsiella pneumoniae ATCC 700603,106.82175999999994,2.0286597291469857,gram_negative,val,Klebsiella,1.7246196,53.04197
KKLFKKILGRYL,Klebsiella pneumoniae ATCC 13883,5.308845751420333,0.7250001070928674,gram_negative,val,Klebsiella,1.4669989,29.30886
GYCFTACARRNGVRICYRRCN,Klebsiella pneumoniae ATCC 700603,2.48299,0.3949749704794276,gram_negative,val,Klebsiella,0.43130177,2.6996145
KWCIRVCRNGVCYRRCR,Klebsiella pneumoniae ATCC 700603,8.69092,0.9390657522570499,gram_negative,val,Klebsiella,0.6138713,4.1102786
RVCIRVCYRGVCYRRCW,Klebsiella pneumoniae ATCC 700603,8.767,0.9428510065543374,gram_negative,val,Klebsiella,-0.23311386,0.5846368
GSKKPVPIIYTNRRTGKCQRM,Klebsiella pneumoniae ATCC 700603,623.86945,2.795093719367714,gram_negative,val,Klebsiella,1.1171342,13.095865
ELPIVAKLLSGLL,Klebsiella pneumoniae ATCC 700603,174.81600000000003,2.2425811788344885,gram_negative,val,Klebsiella,2.2509751,178.22768
FLEIVAKLLSGLL,Klebsiella pneumoniae ATCC 700603,181.22367999999994,2.258214945114553,gram_negative,val,Klebsiella,2.424869,265.9923
FLPIEAKLLSGLL,Klebsiella pneumoniae ATCC 700603,180.96639999999996,2.2575979469731484,gram_negative,val,Klebsiella,2.2368524,172.52515
FLPIVAELLSGLL,Klebsiella pneumoniae ATCC 700603,177.11999999999992,2.2482676035346474,gram_negative,val,Klebsiella,2.6519735,448.718
FLPIVAKLLEGLL,Klebsiella pneumoniae ATCC 700603,182.5088000000001,2.2612838096105863,gram_negative,val,Klebsiella,2.4007363,251.61488
FLPKVAKLLEKLL,Klebsiella pneumoniae ATCC 700603,48.448000000000015,1.68527585348396,gram_negative,val,Klebsiella,1.385638,24.301775
GVIIDTLKGAAKTVAAELLRKAH,Klebsiella pneumoniae ATCC 43816,1217.4797000000005,3.0854617286123545,gram_negative,val,Klebsiella,2.3993707,250.82492
GVIIDTLKGAAKTVAAELLRKAH,Klebsiella pneumoniae ATCC BAA-1705,1217.4797000000005,3.0854617286123545,gram_negative,val,Klebsiella,2.3993707,250.82492
GVIIKTLKGAAKTV,Klebsiella pneumoniae ATCC 43816,717.2044700000002,2.8556429876529514,gram_negative,val,Klebsiella,1.9688525,93.07917
GVIIKTLKGAAKTV,Klebsiella pneumoniae ATCC BAA-1705,717.2044700000002,2.8556429876529514,gram_negative,val,Klebsiella,1.9688525,93.07917
ALWKKILKNAGKAVLNEINQIVQ,Klebsiella pneumoniae ATCC 43816,5.19038,0.7151991547389758,gram_negative,val,Klebsiella,1.366044,23.229723
ALWKSILKNAGKAGLNEINQIVQ,Klebsiella pneumoniae ATCC 43816,321.4092700000001,2.507058398412981,gram_negative,val,Klebsiella,1.5604936,36.349094
LIKKLKEYLKKLI,Klebsiella pneumoniae ATCC 13883,19.63058189461617,1.2929331732564155,gram_negative,val,Klebsiella,1.597437,39.576466
LIKKLKEYLKKLI,Klebsiella pneumoniae,39.26116378923233,1.5939631689203966,gram_negative,val,Klebsiella,1.597437,39.576466
WWRRRWW,Klebsiella pneumoniae ATCC 700603,157.50143000000003,2.197284501225872,gram_negative,val,Klebsiella,2.018718,104.404205
AWRRRWA,Klebsiella pneumoniae ATCC 700603,128.02560000000003,2.1072968198595174,gram_negative,val,Klebsiella,2.3403614,218.95827
AWWRRRWWA,Klebsiella pneumoniae ATCC 700603,87.84896000000002,1.9437366244660925,gram_negative,val,Klebsiella,1.9609454,91.399826
FRWRRRWRF,Klebsiella pneumoniae ATCC 700603,187.49184000000005,2.2729823711565986,gram_negative,val,Klebsiella,2.143761,139.23901
KRVNWRKVGRNTALGASYVLSFLG,Klebsiella pneumoniae KPLN649,2.6952,0.43059099797306377,gram_negative,val,Klebsiella,1.5481218,35.328224
KRVNWAKVGRTALKLLPYIFG,Klebsiella pneumoniae KPLN649,1.21701,0.08529414678140128,gram_negative,val,Klebsiella,1.2443889,17.55452
VVKTGCQRRRMLPR,Klebsiella pneumoniae,170.11399999999998,2.2307400565434894,gram_negative,val,Klebsiella,2.062504,115.47928
NCNFLCKVKQRLRSVSSTSHIGMAIPRPRG,Klebsiella pneumoniae,7.44723988012446,0.8719953429579826,gram_negative,val,Klebsiella,1.6650105,46.239216
GGHYLGALLGPLMNLLQ,Klebsiella pneumoniae ATCC 700603,226.06719999999996,2.354237555302693,gram_negative,val,Klebsiella,1.9799936,95.49785
MKKLLLILFCLALALAGCKKAP,Klebsiella pneumoniae,217.03201094994319,2.336523794464315,gram_negative,val,Klebsiella,1.8064098,64.03388
MKKLLLILFCLALALAGCKKAP,Klebsiella pneumoniae ATCC 700603,217.03201094994319,2.336523794464315,gram_negative,val,Klebsiella,1.8064098,64.03388
MKKLLLILFCLALALAGCKKAP,Klebsiella pneumoniae NCTC 13442,217.03201094994319,2.336523794464315,gram_negative,val,Klebsiella,1.8064098,64.03388
ILKKIWEPIKSLF,Klebsiella pneumoniae ATCC 13883,103.49375999999995,2.0149141654522307,gram_negative,val,Klebsiella,1.5692761,37.091644
ILKKIWEPIKSLF,Klebsiella oxytoca CIP 79.32,51.74688,1.7138841697882496,gram_negative,val,Klebsiella,1.5692761,37.091644
ALGKFWPKIKSLF,Klebsiella pneumoniae ATCC 13883,196.73088,2.2938725346067366,gram_negative,val,Klebsiella,1.5875211,38.683083
ALGKFWPKIKSLF,Klebsiella oxytoca CIP 79.32,3.07392,0.4876925606228494,gram_negative,val,Klebsiella,1.5875211,38.683083
WNSNVHSYRF,Klebsiella pneumoniae AR347,48.877796344551804,1.6891116175091538,gram_negative,val,Klebsiella,1.9995407,99.894295
RIKTATWRLALRWLKL,Klebsiella pneumoniae ATCC 13883,24.93911200000001,1.3968809856154278,gram_negative,val,Klebsiella,1.2158499,16.438034
VVKTVVSRAYTRAGLAQRLGWHDLRHSTRT,Klebsiella pneumoniae ATCC 13883,145.52237687402624,2.1629297796153746,gram_negative,val,Klebsiella,1.5128278,32.57075
VNRVTRVIATRRNEAERIGVPLYF,Klebsiella pneumoniae ATCC 13883,176.66278279427456,2.247145067166658,gram_negative,val,Klebsiella,1.5933216,39.203205
VEKSEKAISGARRGSPIVNRHVVHLEHVRLKGPYRLSDRLSSAPRTSTRV,Klebsiella pneumoniae ATCC 13883,89.21633902323028,1.9504443980736037,gram_negative,val,Klebsiella,1.4101279,25.711527
RRRWWWWWWW,Klebsiella pneumoniae ATCC BAA-1705,71.5067140614657,1.8543468214227508,gram_negative,val,Klebsiella,1.8238099,66.65149
RRRRRRWWWWW,Klebsiella pneumoniae ATCC BAA-1705,33.93103199643301,1.5305970687090842,gram_negative,val,Klebsiella,1.4309992,26.977343
RRRRRRWWWWW,Klebsiella pneumoniae ATCC 13883,33.93103199643301,1.5305970687090842,gram_negative,val,Klebsiella,1.4309992,26.977343
KWKWWWKWK,Klebsiella pneumoniae,93.7504,1.9719731293855929,gram_negative,val,Klebsiella,1.5296406,33.856384
LKLKLKEGNKKLKLKL,Klebsiella pneumoniae ATCC 700603,60.816959999999995,1.7840247076821414,gram_negative,val,Klebsiella,1.5804278,38.056404
LKLKLKEGNKKLKLKL,Klebsiella pneumoniae,60.816959999999995,1.7840247076821414,gram_negative,val,Klebsiella,1.5804278,38.056404
LKLKLKRDNKLKLKL,Klebsiella pneumoniae ATCC 700603,59.40671999999999,1.7738355745072254,gram_negative,val,Klebsiella,1.7688688,58.73119
LKLKLKRDNKLKLKL,Klebsiella pneumoniae,59.40671999999999,1.7738355745072254,gram_negative,val,Klebsiella,1.7688688,58.73119
FKTFVL,Klebsiella pneumoniae ATCC 27736,169.77755294042117,2.229880269662132,gram_negative,val,Klebsiella,2.1093316,128.62685
FKTFVL,Klebsiella pneumoniae ATCC BAA-21469,169.77755294042117,2.229880269662132,gram_negative,val,Klebsiella,2.1093316,128.62685
VQRWLIVWRIRKG,Klebsiella pneumoniae ATCC 700603,3.6548002028911166,0.562863640348983,gram_negative,val,Klebsiella,1.5686394,37.037308
RWRWRWRIL,Klebsiella pneumoniae,91.31327999999999,1.9605339430470134,gram_negative,val,Klebsiella,1.6867042,48.607597
RIWWSGGWRRWRW,Klebsiella pneumoniae,33.89570007093206,1.5301446081172114,gram_negative,val,Klebsiella,2.1439567,139.30177
NILLWR,Klebsiella pneumoniae,157.2508038525956,2.1965928741990504,gram_negative,val,Klebsiella,2.1979065,157.72716
NLLLWK,Klebsiella pneumoniae,162.85548776554512,2.21180239763309,gram_negative,val,Klebsiella,2.1826453,152.28085
NLLLWH,Klebsiella pneumoniae,161.0184618988178,2.20687567380272,gram_negative,val,Klebsiella,2.1293492,134.6943
KLLKLLKLLL,Klebsiella pneumoniae ATCC 10031,428.5826453828507,2.6320345811550405,gram_negative,val,Klebsiella,1.6462333,44.28262
RLLRLLLRLLR,Klebsiella pneumoniae ATCC 10031,5.57545178756999,0.7462800647065426,gram_negative,val,Klebsiella,1.262814,18.3153
LGLKLLWSAYKHRKTL,Klebsiella pneumoniae,50.338249999999995,1.7018981133070186,gram_negative,val,Klebsiella,1.7224265,52.77479
FLGVALKLGKVLGKALLPLASSLLHSQ,Klebsiella pneumoniae ATCC 49472,86.934494,1.939192130665723,gram_negative,val,Klebsiella,1.828746,67.41336
GVIFNALK,Klebsiella pneumoniae ATCC 43816,440.87295999999975,2.644313463120019,gram_negative,val,Klebsiella,2.182806,152.33722
FFSLIPSLIGGLVSAIK,Klebsiella pneumoniae ATCC BAA-1705,226.99679718868995,2.356019729558359,gram_negative,val,Klebsiella,2.1692135,147.64323
KRLKKIGKVLKWI,Klebsiella pneumoniae ATCC 700603,13.24952,1.1222001450556713,gram_negative,val,Klebsiella,1.548581,35.365597
MEAFKKKPRLPLFKVKLTRFLERARGLGSYRIFEFFKKFGVKKFVSSLR,Klebsiella pneumoniae DSM 30104,9.498192,0.9776409443255675,gram_negative,val,Klebsiella,1.627071,42.371223
FLKIIGKLLSGLL,Klebsiella pneumoniae ATCC 43816,45.307840000000006,1.6561733581747407,gram_negative,val,Klebsiella,1.3951746,24.841318
FFLSRIF,Klebsiella pneumoniae ATCC 700603,92.816,1.9676228481235218,gram_negative,val,Klebsiella,1.7875961,61.31915
FFLSRIF,Klebsiella pneumoniae,92.816,1.9676228481235218,gram_negative,val,Klebsiella,1.7875961,61.31915
FYFLSRIF,Klebsiella pneumoniae ATCC 700603,109.13399499999998,2.0379600534409676,gram_negative,val,Klebsiella,1.9205956,83.290535
FYFLSRIF,Klebsiella pneumoniae,109.13399499999998,2.0379600534409676,gram_negative,val,Klebsiella,1.9205956,83.290535
KRIWQRWK,Klebsiella pneumoniae E406-17,38.44800000000001,1.584873753459825,gram_negative,val,Klebsiella,1.7719502,59.149387
KRWWQRWK,Klebsiella pneumoniae E406-17,40.78592,1.61051026304914,gram_negative,val,Klebsiella,1.7359858,54.44848
YYFFFLSRIF,Klebsiella pneumoniae ATCC 700603,140.16999999999993,2.1466550733409737,gram_negative,val,Klebsiella,1.9204234,83.25751
YYFFFLSRIF,Klebsiella pneumoniae,140.16999999999993,2.1466550733409737,gram_negative,val,Klebsiella,1.9204234,83.25751
FLRRIFFFF,Klebsiella pneumoniae ATCC 700603,129.16299999999998,2.111138123588194,gram_negative,val,Klebsiella,1.9772239,94.89075
FLRRIFFFF,Klebsiella pneumoniae,129.16299999999998,2.111138123588194,gram_negative,val,Klebsiella,1.9772239,94.89075
FLGTVLRVAARVLPAALCQIFRRC,Klebsiella pneumoniae ATCC 43816,30.25692946134488,1.4808248527798233,gram_negative,val,Klebsiella,1.632155,42.870144
GWWKRVFKPVEKLGQRVRDAGIQGLEIAQQGANVLATARGGPPQQG,Klebsiella pneumoniae ATCC 700603,3.219559985956279,0.5077965211588805,gram_negative,val,Klebsiella,0.7579235,5.726951
SWWKKVFKPVERAGQRIRDASIKGLAVAQQGANVLSTIRGGPPVVAPPPQV,Klebsiella pneumoniae ATCC 700603,2.9291595933564905,0.4667430345787884,gram_negative,val,Klebsiella,1.1092327,12.859755
GWWKRVFKPVEKLGQRVRDAGIQGLQIAQQGANVLATVRGGPPQQG,Klebsiella pneumoniae ATCC 700603,127.99513999999998,2.1071934797162055,gram_negative,val,Klebsiella,0.6925865,4.9270444
FLGTVLKVLLKVLPAALCQIFRRC,Klebsiella pneumoniae ATCC 43816,10.818000000000001,1.0341469771060456,gram_negative,val,Klebsiella,1.3963661,24.909563
SLWKKLFKPVERAGQRIRDATIKGIVIAQQGANVLATIRGGPAIPPGQG,Klebsiella pneumoniae ATCC 700603,3.089378261852458,0.48987108634542265,gram_negative,val,Klebsiella,0.65840065,4.55408
PKAI,Klebsiella pneumoniae ATCC 2357,1169.4858682836132,3.0679949782926474,gram_negative,val,Klebsiella,2.703843,505.64197
GVFDTVKKIGKAVGKFALGVAKNYLNS,Klebsiella pneumoniae ATCC BAA-1705,1.107844170285064,0.04447867668776029,gram_negative,val,Klebsiella,1.3723621,23.570139
FLPLLAGLAASFLPTIFCKISRKC,Klebsiella pneumoniae ATCC 700603,38.3108016654012,1.5833212398248262,gram_negative,val,Klebsiella,1.5914286,39.032703
KVLGRLVKVLARLV,Klebsiella pneumoniae ATCC 13883,10.230081567637242,1.0098790964915865,gram_negative,val,Klebsiella,1.4220259,26.425665
KVLGRLVKVLGRAV,Klebsiella pneumoniae ATCC 13883,42.44289076937422,1.6278049558709797,gram_negative,val,Klebsiella,1.5340799,34.20424
KALGRLVKVLGRLV,Klebsiella pneumoniae ATCC 13883,21.02586233632023,1.322753816609091,gram_negative,val,Klebsiella,1.5399815,34.672207
GLLSGVLGAGKKIVGLSGRC,Klebsiella pneumoniae ATCC 43816,120.78847999999999,2.0820255161476644,gram_negative,val,Klebsiella,2.035476,108.51155
GLLSGVLGAGKKIVCGLSGRC,Klebsiella pneumoniae ATCC 43816,254.78017000000006,2.406165623056117,gram_negative,val,Klebsiella,1.4125022,25.852478
GLLRAVLRAGKKIVCGLSGRC,Klebsiella pneumoniae ATCC 43816,69.52800000000002,1.842159736915368,gram_negative,val,Klebsiella,1.8056463,63.921402
IINVLKSILKPIKNQADKYI,Klebsiella pneumoniae ATCC 13883,592.6144000000003,2.7727722002398094,gram_negative,val,Klebsiella,1.7171876,52.141994
KCLTLRSLKKTLKFCASGRT,Klebsiella pneumoniae M6,14.192189027184872,1.152049386937807,gram_negative,val,Klebsiella,1.3306438,21.411337
KCLTLRSLKKTLKFCASGRT,Klebsiella pneumoniae NCTC 13368,28.384378054369748,1.4530793826017883,gram_negative,val,Klebsiella,1.3306438,21.411337
FLGKALKAGLKIGSHL,Klebsiella pneumoniae M6,77.43401578310926,1.888931782668164,gram_negative,val,Klebsiella,1.5662239,36.83188
FLGKALKAGLKIGSHL,Klebsiella pneumoniae NCTC 13368,77.43401578310926,1.888931782668164,gram_negative,val,Klebsiella,1.5662239,36.83188
GKALKAALKIGANVLGGAPQ,Klebsiella pneumoniae M6,68.18537878549377,1.8336912574490531,gram_negative,val,Klebsiella,1.8102688,64.60539
GKALKAALKIGANVLGGAPQ,Klebsiella pneumoniae NCTC 13368,68.18537878549377,1.8336912574490531,gram_negative,val,Klebsiella,1.8102688,64.60539
GSFLKKAWKSKLAKKLRAKG,Klebsiella pneumoniae M6,56.996434828473,1.7558476910629306,gram_negative,val,Klebsiella,1.7936,62.172733
GSFLKKAWKSKLAKKLRAKG,Klebsiella pneumoniae NCTC 13368,56.996434828473,1.7558476910629306,gram_negative,val,Klebsiella,1.7936,62.172733
WKSKLAKK,Klebsiella pneumoniae M6,129.52487039417662,2.1123531663934605,gram_negative,val,Klebsiella,2.2832603,191.98193
WKSKLAKK,Klebsiella pneumoniae NCTC 13368,129.52487039417662,2.1123531663934605,gram_negative,val,Klebsiella,2.2832603,191.98193
RGIRGYKGGYCTGRFKQTCKCY,Klebsiella pneumoniae NCTC 13368,50.27568159389621,1.701357967094965,gram_negative,val,Klebsiella,1.4295406,26.886894
WRGIRGYKGGYTGRFKQTKY,Klebsiella pneumoniae NCTC 13368,52.83266240667555,1.7229024967250475,gram_negative,val,Klebsiella,1.5911112,39.00418
RRKWW,Klebsiella pneumoniae ATCC 700603,106.37184000000003,2.0268266716501326,gram_negative,val,Klebsiella,2.0125062,102.92153
WWKRRR,Klebsiella pneumoniae ATCC 700603,126.36416000000004,2.1016239147584836,gram_negative,val,Klebsiella,2.1126382,129.60992
WWWWKRRR,Klebsiella pneumoniae ATCC 700603,87.01823999999999,1.9396102951596639,gram_negative,val,Klebsiella,1.769873,58.867153
WWWWKRRRRR,Klebsiella pneumoniae ATCC 700603,53.50527999999999,1.7283966411187666,gram_negative,val,Klebsiella,1.7771145,59.85694
GFFKKFFKKI,Klebsiella pneumoniae ATCC 700603,20.682878000000002,1.3156109702320502,gram_negative,val,Klebsiella,1.5105996,32.404076
GWWKKWWKKWWKKI,Klebsiella pneumoniae ATCC 700603,16.637119999999996,1.2210781490965368,gram_negative,val,Klebsiella,1.3268543,21.225325
GWWKKWWKKWWKKWWKKI,Klebsiella pneumoniae ATCC 700603,10.84176,1.0350997892359142,gram_negative,val,Klebsiella,1.438281,27.43349
KKKKKKFLPKLLSALAKIL,Klebsiella pneumoniae ATCC 43816,4.40594,0.6440385786417258,gram_negative,val,Klebsiella,1.118361,13.132911
KKCKFLCKVKKKLKSVGLQISMGI,Klebsiella pneumoniae ATCC 43863,4.699701,0.6720702285355625,gram_negative,val,Klebsiella,0.95639926,9.0448065
RWIKIWFQIRRWKWKK,Klebsiella pneumoniae ATCC 27736,13.247829369653438,1.12214472581949,gram_negative,val,Klebsiella,1.0812457,12.057178
RQIKIWFQIRRWKWKK,Klebsiella pneumoniae ATCC 27736,6.793300215234177,0.8320808077216812,gram_negative,val,Klebsiella,1.0773311,11.948986
RQIKIWFQWRRWKWKK,Klebsiella pneumoniae ATCC 27736,6.5842446733966105,0.8185059610759711,gram_negative,val,Klebsiella,1.4161779,26.072212
RWIKIWFQNRRWKNKK,Klebsiella pneumoniae ATCC 27736,218.55872150491484,2.3395681415320726,gram_negative,val,Klebsiella,1.985354,96.68385
RWIKIQFQIRRWKNKK,Klebsiella pneumoniae ATCC 27736,28.043392326161264,1.4478305477903626,gram_negative,val,Klebsiella,1.6276382,42.426598
KWIKIWFIWRRIKWRK,Klebsiella pneumoniae ATCC 27736,20.00080719981275,1.3010475234314969,gram_negative,val,Klebsiella,1.2553749,18.004244
RWIKIWFIWRRWRWRK,Klebsiella pneumoniae ATCC 27736,50.546212481315585,1.7036886186789326,gram_negative,val,Klebsiella,1.2936091,19.66116
AVLIPFKVKFKVKFKVKFRCKAAFC,Klebsiella pneumoniae ATCC 43816,23.630958999999997,1.3734813466834477,gram_negative,val,Klebsiella,1.2639027,18.361267
FFPIVAGVAAKVLKKIFCTISKKC,Klebsiella pneumoniae ATCC 43816,20.939120000000003,1.3209584258062999,gram_negative,val,Klebsiella,1.3840675,24.214056
FFPKVAGVAAKVAKKAFCTISKKC,Klebsiella pneumoniae ATCC 43816,40.78799999999999,1.6105324106306844,gram_negative,val,Klebsiella,1.3900735,24.551247
FLSGIVGMLYKLF,Klebsiella pneumoniae DSM 26371,148.78999999999996,2.172573743771971,gram_negative,val,Klebsiella,1.681859,48.06833
GNRPNIPTYIPRPRPPHPRL,Klebsiella pneumoniae AR-0112,9.395200000000003,0.972906029563939,gram_negative,val,Klebsiella,1.111648,12.931472
GSRPIYVPPPRPPHPRL,Klebsiella pneumoniae AR-0112,1.9363301,0.28697939656118127,gram_negative,val,Klebsiella,1.3209561,20.939009
ALNRPVYVPPPRPPHPRL,Klebsiella pneumoniae AR-0112,2.07652,0.3173361183728456,gram_negative,val,Klebsiella,1.4413102,27.625502
NRPTYVPPPRPPHPRL,Klebsiella pneumoniae AR-0112,3.7885199999999997,0.5784695842782575,gram_negative,val,Klebsiella,1.4702662,29.53019
WPIRLRWRWKWP,Klebsiella pneumoniae,4.49405405751569,0.6526382921017063,gram_negative,val,Klebsiella,1.0057905,10.134223
FCDGISSVLGWCRYPHRRFRCTCR,Klebsiella pneumoniae K7,291.95000000000005,2.465308479587306,gram_negative,val,Klebsiella,0.87937874,7.574932
GFMDTAKNVAKNVAATLLDKLK,Klebsiella pneumoniae ATCC 43816,1204.6591999999998,3.080864201688277,gram_negative,val,Klebsiella,2.3218129,209.80357
GFMDTAKNVAKNVAATLLDKLKSKITGGS,Klebsiella pneumoniae ATCC 43816,764.0473599999998,2.883120279451584,gram_negative,val,Klebsiella,2.3604019,229.29884
IAKKFWKKFWKFWKIFKKIA,Klebsiella pneumoniae,11.600289064235367,1.0644688114198657,gram_negative,val,Klebsiella,0.5181944,3.2975726
RGGRLCYCRRRFCRCVGR,Klebsiella pneumoniae ATCC 700603,70.96799999999999,1.8510625662377236,gram_negative,val,Klebsiella,1.1938548,15.626251
RGGRLCRCRRRFCVCVGR,Klebsiella pneumoniae ATCC 700603,17.229600000000005,1.236275195044706,gram_negative,val,Klebsiella,0.972997,9.397168
RWLQRWRGWL,Klebsiella pneumoniae ATCC 13883,1.3729683672207098,0.13766053133744643,gram_negative,val,Klebsiella,0.9179561,8.278585
RWLQRIRGWL,Klebsiella pneumoniae ATCC 13883,1.4454569468841552,0.16000516068388557,gram_negative,val,Klebsiella,0.65360844,4.504104
KKKKLKKILKKLFQFINQLDNQLQDIKQNK,Klebsiella pneumoniae ATCC 700603,14.886519000000002,1.1727931560576355,gram_negative,val,Klebsiella,1.730774,53.79898
KKKKLKKILKKLFQFINQLDNQLQDIKQNK,Klebsiella pneumoniae ATCC 13883,0.744326,-0.12823681043267074,gram_negative,val,Klebsiella,1.730774,53.79898
KKKKLKKILKKLFQFINQLDNQLQDIKQNK,Klebsiella pneumoniae E1120,29.773039000000008,1.4738231663084544,gram_negative,val,Klebsiella,1.730774,53.79898
KKKKLKKILKKLFQFINQLDNQLQDIKQNK,Klebsiella pneumoniae E1267,119.092155,2.0758831539897074,gram_negative,val,Klebsiella,1.730774,53.79898
KKKKLKKILKKLFQFINQLDNQLQDIKQNK,Klebsiella pneumoniae 4371,59.54607799999999,1.7748531619724355,gram_negative,val,Klebsiella,1.730774,53.79898
KKKKAKKAAKKAFQFANQADNQAQDAKQNK,Klebsiella pneumoniae E1120,108.31968,2.0347073683421817,gram_negative,val,Klebsiella,1.9492147,88.96408
KKKKAKKAAKKAFQFANQADNQAQDAKQNK,Klebsiella pneumoniae E1267,108.31968,2.0347073683421817,gram_negative,val,Klebsiella,1.9492147,88.96408
KKKKAKKAAKKAFQFANQADNQAQDAKQNK,Klebsiella pneumoniae 4371,108.31968,2.0347073683421817,gram_negative,val,Klebsiella,1.9492147,88.96408
KKKKKLKKILKKLFQFINQLDNQLQDIKKKKK,Klebsiella pneumoniae ATCC 700603,27.979700000000005,1.4468430536496242,gram_negative,val,Klebsiella,1.0686178,11.711643
KKKKKLKKILKKLFQFINQLDNQLQDIKKKKK,Klebsiella pneumoniae E1120,7.9941998000000005,0.902774998434109,gram_negative,val,Klebsiella,1.0686178,11.711643
KKKKKLKKILKKLFQFINQLDNQLQDIKKKKK,Klebsiella pneumoniae 4371,31.976799000000007,1.5048349870457616,gram_negative,val,Klebsiella,1.0686178,11.711643
KKKKKLKKILKKLFQFINQLDNQLQDIKKKKK,Klebsiella pneumoniae E1267,127.907196,2.106894978373724,gram_negative,val,Klebsiella,1.0686178,11.711643
KKKKKLKKILKKLFQFINQLDNQLQDIKKKKK,Klebsiella pneumoniae ATCC 13883,3.19768,0.5048350006273109,gram_negative,val,Klebsiella,1.0686178,11.711643
KKKKLKKILKKLFQFIQQLDQQLQDIKQQK,Klebsiella pneumoniae E1120,22.582139999999995,1.3537650955230933,gram_negative,val,Klebsiella,1.6484183,44.505974
KKKKLKKILKKLFQFIQQLDQQLQDIKQQK,Klebsiella pneumoniae E1267,120.43807999999994,2.0807638234593555,gram_negative,val,Klebsiella,1.6484183,44.505974
KKKKLKKILKKLFQFIQQLDQQLQDIKQQK,Klebsiella pneumoniae 4371,94.09225,1.9735538538114874,gram_negative,val,Klebsiella,1.6484183,44.505974
HHHHLKKILKKLFQFINQLDNQLQDIHHHH,Klebsiella pneumoniae ATCC 13883,2.2814522,0.3582113740538021,gram_negative,val,Klebsiella,1.6195714,41.645824
MKIVVKRVPKFLRGFVKLIFGLKDEK,Klebsiella pneumoniae ATCC 13883,396.2841500000001,2.5980067023993025,gram_negative,val,Klebsiella,1.5527953,35.71045
MKTMKNFIQKVFKGDPMIWGYVMLS,Klebsiella pneumoniae ATCC 13883,95.92895500000002,1.9819497135181805,gram_negative,val,Klebsiella,1.4603552,28.86391
MGNLVAIVGRPNVGKSTLFNRFH,Klebsiella pneumoniae ATCC 13883,323.71457000000015,2.5101622469101383,gram_negative,val,Klebsiella,1.8619763,72.774
VPIIYSNRRTKKSKRF,Klebsiella pneumoniae ATCC 13883,31.927200000000003,1.5041608327934333,gram_negative,val,Klebsiella,1.577188,37.773567
A,Klebsiella aerogenes,5.612100586801239,0.7491254463729379,gram_negative,val,Klebsiella,1.1272341,13.40399
SKLWKKIVKALKAALKTL,Klebsiella pneumoniae ATCC 700603,15.68940546910121,1.1956064868386436,gram_negative,val,Klebsiella,1.053807,11.318973
LWRFKRWWWWKKIL,Klebsiella pneumoniae ATCC 700603,15.005160133896672,1.1762406345423841,gram_negative,val,Klebsiella,1.6662409,46.37041
KKFLKLIKGIKR,Klebsiella pneumoniae ATCC 700603,173.92273210871795,2.2403563490192466,gram_negative,val,Klebsiella,1.8639085,73.09851
KWKWPPRWPPWRPVWKVI,Klebsiella pneumoniae ATCC 700603,26.19784852625026,1.4182656267570095,gram_negative,val,Klebsiella,1.00723,10.167871
RRIIRIHIRIIRR,Klebsiella pneumoniae CMCC 46117,9.033350225698255,0.9558488482861838,gram_negative,val,Klebsiella,1.5948973,39.3457
IRIIRRHRRIIR,Klebsiella pneumoniae CMCC 46117,9.649850354945622,0.9845205785743341,gram_negative,val,Klebsiella,1.9841769,96.422165
FFRFFRRPGRRFFRFF,Klebsiella pneumoniae CMCC 46117,36.57248,1.563154411084465,gram_negative,val,Klebsiella,1.3419242,21.974762
IFPKKNAINSLFGR,Klebsiella pneumoniae ATCC 13883,205.56416000000002,2.3129473979154698,gram_negative,val,Klebsiella,1.9439121,87.884476
IFPKKNIIASLFGR,Klebsiella pneumoniae ATCC 13883,102.72127999999998,2.011660422460305,gram_negative,val,Klebsiella,1.8395711,69.11481
IFPKKNIINSLFKR,Klebsiella pneumoniae ATCC 13883,55.04575999999999,1.740723872271978,gram_negative,val,Klebsiella,1.6466593,44.326073
SKKSKPGDGKFGRGVKRG,Klebsiella pneumoniae ATCC 33495,16.9386851885543,1.2288796965781201,gram_negative,val,Klebsiella,1.6467712,44.337498
SKKSKPGDGKFGRGVKRG,Klebsiella pneumoniae,16.9386851885543,1.2288796965781201,gram_negative,val,Klebsiella,1.6467712,44.337498
RLLRLLLRLLR,Klebsiella pneumoniae,2.787725893784995,0.4452500690425614,gram_negative,val,Klebsiella,1.262814,18.3153
KNRLNFLKKISQRYQKFALPQYLKTVYQHQKAMKPWIQPKTKVIPYVRYL,Klebsiella pneumoniae ATCC 700603,7.79205,0.891651730658858,gram_negative,val,Klebsiella,1.9210037,83.36883
GFNLIHRLSLMKTSAIKKIRNPKGPLILRLGAAPVTQPTRRVFPRGLP,Klebsiella pneumoniae ATCC 13883,266.78,2.426153268215979,gram_negative,val,Klebsiella,2.1676407,147.10948
VKFVKSFINSIRRAINKYPPINLKIKCNRLNSI,Klebsiella pneumoniae ATCC 13883,194.69150000000005,2.2893469911518842,gram_negative,val,Klebsiella,1.4442587,27.813696
RTKKQLAMVMRYGVNGVGKILKKINKAIVSKKNK,Klebsiella pneumoniae ATCC 13883,192.64399999999992,2.2847554872266733,gram_negative,val,Klebsiella,1.3098379,20.409761
RTTQSYVRALTMDSKKRIGWRFIRIDTSCVCTLTIKRGR,Klebsiella pneumoniae ATCC 13883,231.07899999999998,2.3637604794534948,gram_negative,val,Klebsiella,1.9118909,81.63772
LKVLFKKTHRILRRLFNLCKRCHRQPRFRLPKERSLSYWWNRI,Klebsiella pneumoniae ATCC 13883,279.996,2.4471518270910186,gram_negative,val,Klebsiella,1.7188319,52.33978
KMYKMSTMRRIFDLAKHRTKRSAFFPTGVKVCPQESMKQIL,Klebsiella pneumoniae ATCC 13883,244.8529999999999,2.3889054294711003,gram_negative,val,Klebsiella,1.5319612,34.037777
TKMYKLDVVSKPPLINGLYTNRTVIKATAVRHSKKHF,Klebsiella pneumoniae ATCC 13883,213.10899999999998,2.328601791186755,gram_negative,val,Klebsiella,1.722729,52.811558
HPPLRLKKSFEILVRKPMSSKPKPPPRKYFKS,Klebsiella pneumoniae ATCC 13883,191.28900000000007,2.2816899968090265,gram_negative,val,Klebsiella,1.5652479,36.7492
FLPTTAQPTKKSTLKKRVCRLPRPETQKGRRRRARLRFMKQFYK,Klebsiella pneumoniae ATCC 13883,270.633,2.4323807517741267,gram_negative,val,Klebsiella,2.248368,177.16096
FLPTTAQPTKKSTLKKRVCRLPRPETQKGRRRRARLRFMK,Klebsiella pneumoniae ATCC 13883,242.2495000000001,2.3842628893452384,gram_negative,val,Klebsiella,2.346634,222.14365
IIFHTKKKLSVCANPKQTWVKYIVRLLSKKVK,Klebsiella pneumoniae ATCC 13883,190.34100000000007,2.279532346646876,gram_negative,val,Klebsiella,1.4459913,27.924877
RGGRLCYCPRRFCVCVGR,Klebsiella pneumoniae MKP 103,32.00766999999999,1.5052540608054,gram_negative,val,Klebsiella,0.59400374,3.9264832
RGGRLCYCPRRFCVCVGR,Klebsiella pneumoniae MKP 103 ∆phoP,1.0087776,0.003795430122914174,gram_negative,val,Klebsiella,0.59400374,3.9264832
RGGRLCYCPRRFCVCVGR,Klebsiella pneumoniae MKP 103 ∆pagP,32.00766999999999,1.5052540608054,gram_negative,val,Klebsiella,0.59400374,3.9264832
RGGRLCYCPRRFCVCVGR,Klebsiella pneumoniae MKP 103 ∆pagL,32.00766999999999,1.5052540608054,gram_negative,val,Klebsiella,0.59400374,3.9264832
RGGRLCYCPRRFCVCVGR,Klebsiella pneumoniae MKP 103 ∆arnT,32.00766999999999,1.5052540608054,gram_negative,val,Klebsiella,0.59400374,3.9264832
RGGRLCYCPRRFCVCVGR,Klebsiella pneumoniae MKP 103 ∆pmrB,32.00766999999999,1.5052540608054,gram_negative,val,Klebsiella,0.59400374,3.9264832
RGGRLCYCRLPFCVCVGR,Klebsiella pneumoniae MKP 103,64.001564,1.8061905869256123,gram_negative,val,Klebsiella,1.319103,20.849854
RGGRLCYCRLPFCVCVGR,Klebsiella pneumoniae MKP 103 ∆phoP,8.0079155,0.9035194817942718,gram_negative,val,Klebsiella,1.319103,20.849854
RGGRLCYCRLPFCVCVGR,Klebsiella pneumoniae MKP 103 ∆pagP,64.001564,1.8061905869256123,gram_negative,val,Klebsiella,1.319103,20.849854
RGGRLCYCRLPFCVCVGR,Klebsiella pneumoniae MKP 103 ∆pagL,64.001564,1.8061905869256123,gram_negative,val,Klebsiella,1.319103,20.849854
RGGRLCYCRLPFCVCVGR,Klebsiella pneumoniae MKP 103 ∆arnT,64.001564,1.8061905869256123,gram_negative,val,Klebsiella,1.319103,20.849854
RGGRLCYCRLPFCVCVGR,Klebsiella pneumoniae MKP 103 ∆pmrB,64.001564,1.8061905869256123,gram_negative,val,Klebsiella,1.319103,20.849854
ILGKIWKGIKDIL,Klebsiella pneumoniae ATCC 27736,149.89399999999998,2.1757842491321826,gram_negative,val,Klebsiella,1.8758441,75.135315
AWQAIARLIKGRGRKKYGRIIIIG,Klebsiella pneumoniae,5.842978569342317,0.7666342934241741,gram_negative,val,Klebsiella,1.3984753,25.030832
FLGTVLKLGKAIAKTVVKMLTNAMQPKQ,Klebsiella pneumoniae ATCC BAA-1705,4.125755945758917,0.6155035342175923,gram_negative,val,Klebsiella,0.91187465,8.163467
LTKWLGKLGVIL,Klebsiella pneumoniae ATCC 13883,85.93536000000002,1.9341719006534757,gram_negative,val,Klebsiella,1.7950689,62.383373
KKQIRLYLLKYYGKKSSSKSVRKIVISK,Klebsiella pneumoniae ATCC 13883,214.47551000000004,2.3313777092057313,gram_negative,val,Klebsiella,1.5522181,35.663017
SFKKILSAGKKLFKKAKKL,Klebsiella pneumoniae ATCC 13883,138.99711999999997,2.1430058018291622,gram_negative,val,Klebsiella,1.3371805,21.736044
EPRWKGWKKIEKAVRRVRDGIIKAGPAVAVVGQVQGIAG,Klebsiella pneumoniae ATCC 700603,2.958609782872835,0.4710876889455612,gram_negative,val,Klebsiella,0.6699605,4.676926
AKLKPKILIWLLKKLKRII,Klebsiella pneumoniae ATCC 13883,100.27044000000001,2.0011729206874143,gram_negative,val,Klebsiella,1.0300144,10.7155485
FLKLRWSRFARVLL,Klebsiella pneumoniae ATCC 13883,28.900479999999995,1.4609050558921937,gram_negative,val,Klebsiella,1.8569915,71.9435
FLGALFKVASKLVPAAICSFSKKC,Klebsiella pneumoniae,62.82360499999999,1.798122853849913,gram_negative,val,Klebsiella,1.9672624,92.739
RRWFRRWRRWFR,Klebsiella pneumoniae ATCC 700603,7.853519999999999,0.8950643540617653,gram_negative,val,Klebsiella,1.4331392,27.110605
FFPIVAGVAARVLRRIFCTISRRC,Klebsiella pneumoniae ATCC 43816,44.03904000000001,1.643837843286844,gram_negative,val,Klebsiella,1.4013487,25.196993
GFGRFWRSVISGLAKNFLGKLREISQLY,Klebsiella pneumoniae,1298.3439999999996,3.1133897752905466,gram_negative,val,Klebsiella,1.306151,20.237228
KWKARIQFKAAH,Klebsiella pneumoniae ATCC 13883,23.78912,1.376378377043037,gram_negative,val,Klebsiella,1.5860492,38.552204
STYLFEGL,Klebsiella pneumoniae,17.222375310002754,1.2360930491435187,gram_negative,val,Klebsiella,1.7940276,62.23398
KKFIKKFI,Klebsiella pneumoniae ATCC 700603,121.74622512988564,2.0854555043369714,gram_negative,val,Klebsiella,1.9341395,85.92895
KKFWKKFWKKFW,Klebsiella pneumoniae ATCC 700603,8.952550475318882,0.9519467782838473,gram_negative,val,Klebsiella,1.4281064,26.79825
KKFLKKFLKKFLKKFL,Klebsiella pneumoniae ATCC 700603,7.674894169205417,0.8850723956088997,gram_negative,val,Klebsiella,0.8595321,7.2365594
KFKFKFKFKFKFKFKF,Klebsiella pneumoniae ATCC 700603,28.818650133527157,1.45967363458727,gram_negative,val,Klebsiella,1.5712031,37.25659
GKQRKLRRNGRLIVLGGKKIAIKGVL,Klebsiella pneumoniae ATCC 13883,139.24905075662707,2.143792243324661,gram_negative,val,Klebsiella,1.4885317,30.798653
VIIDPKESIIAEKLEIKLPGKYALKVR,Klebsiella pneumoniae ATCC 13883,130.518369693739,2.115671640373001,gram_negative,val,Klebsiella,2.2985518,198.862
KWCFRVCYRGICYRRCR,Klebsiella pneumoniae ATCC BAA-1144,7.052317662657409,0.8483318663090876,gram_negative,val,Klebsiella,-0.6902944,0.20403545
KWCFRVCYRGICYRRCR,Klebsiella pneumoniae ATCC BAA-2470,7.052317662657409,0.8483318663090876,gram_negative,val,Klebsiella,-0.6902944,0.20403545
LRVAPEEHPV,Klebsiella pneumoniae ATCC 10031,114.53399999999999,2.0589344283395303,gram_negative,val,Klebsiella,2.8023136,634.3275
IVTNWDDMEK,Klebsiella pneumoniae ATCC 10031,125.04400000000003,2.097062857766587,gram_negative,val,Klebsiella,2.164793,146.14804
RRVVRRWRRVVRRWVRVWRRVVRR,Klebsiella pneumoniae,54.40304,1.7356231684176078,gram_negative,val,Klebsiella,0.95843756,9.087357
RRVWRRVRRVVRRWRRWVRRVV,Klebsiella pneumoniae,50.317919999999994,1.7017226803069918,gram_negative,val,Klebsiella,1.5022854,31.789621
RWVRRVRRWVRRVRRVVRRW,Klebsiella pneumoniae,23.116400000000006,1.3639202007748685,gram_negative,val,Klebsiella,1.6946298,49.502804
RRVWRRVRRVWRRVRRVWRRVV,Klebsiella pneumoniae,50.317919999999994,1.7017226803069918,gram_negative,val,Klebsiella,1.5597221,36.284576
KIRIVRIKDLFR,Klebsiella pneumoniae ATCC BAA-1705,82.21256624213297,1.9149382047968395,gram_negative,val,Klebsiella,1.8959949,78.70365
KIRIVRIKDLFR,Klebsiella pneumoniae,41.10628312106648,1.6139082091328583,gram_negative,val,Klebsiella,1.8959949,78.70365
IRIVWRKDFLR,Klebsiella pneumoniae ATCC BAA-1705,42.614971864796544,1.6295622060493518,gram_negative,val,Klebsiella,1.8111722,64.73994
IRIVWRKDFLR,Klebsiella pneumoniae,85.2299437295931,1.930592201713333,gram_negative,val,Klebsiella,1.8111722,64.73994
